,invoice_id,date_time,city,customer_type,gender,product_line,quantity,total,rating,payment
0,750-67-8428,2019-01-05,Yangon,Member,Female,Health and beauty,7,548.9715,9.1,Ewallet
1,226-31-3081,2019-03-08,Naypyidaw,Normal,Female,Electronic accessories,5,80.22,9.6,Cash
2,631-41-3108,2019-03-03,Yangon,Normal,Male,Home and lifestyle,7,340.5255,7.4,Credit card
3,123-19-1176,2019-01-27,Yangon,Member,Male,Health and beauty,8,489.048,8.4,Ewallet
4,373-73-7910,2019-02-08,Yangon,Normal,Male,Sports and travel,7,634.3785,5.3,Ewallet
5,699-14-3026,2019-03-25,Naypyidaw,Normal,Male,Electronic accessories,7,627.6165,4.1,Ewallet
6,355-53-5943,2019-02-25,Yangon,Member,Female,Electronic accessories,6,433.692,5.8,Ewallet
7,315-22-5665,2019-02-24,Naypyidaw,Normal,Female,Home and lifestyle,10,772.38,8.0,Ewallet
8,665-32-9167,2019-01-10,Yangon,Member,Female,Health and beauty,2,76.146,7.2,Credit card
9,692-92-5582,2019-02-20,Mandalay,Member,Female,Food and beverages,3,172.746,5.9,Credit card
10,351-62-0822,2019-02-06,Mandalay,Member,Female,Fashion accessories,4,60.816,4.5,Ewallet
11,529-56-3974,2019-03-09,Mandalay,Member,Male,Electronic accessories,4,107.142,6.8,Cash
12,365-64-0515,2019-02-12,Yangon,Normal,Female,Electronic accessories,5,246.4875,7.1,Ewallet
13,252-56-2699,2019-02-07,Yangon,Normal,Male,Food and beverages,10,453.495,8.2,Ewallet
14,829-34-3910,2019-03-29,Yangon,Normal,Female,Health and beauty,10,749.49,5.7,Cash
15,299-46-1805,2019-01-15,Mandalay,Member,Female,Sports and travel,6,590.436,4.5,Cash
16,656-95-9349,2019-03-11,Yangon,Member,Female,Health and beauty,7,506.6355,4.6,Credit card
17,765-26-6951,2019-01-01,Yangon,Normal,Male,Sports and travel,6,457.443,6.9,Credit card
18,329-62-1586,2019-01-21,Yangon,Normal,Male,Food and beverages,3,172.2105,8.6,Credit card
19,319-50-3348,2019-03-11,Mandalay,Normal,Female,Home and lifestyle,2,84.63,4.4,Ewallet
20,300-71-4605,2019-02-25,Naypyidaw,Member,Male,Electronic accessories,5,451.71,4.8,Ewallet
21,371-85-5789,2019-03-05,Mandalay,Normal,Male,Health and beauty,3,277.137,5.1,Ewallet
22,273-16-6619,2019-03-15,Mandalay,Normal,Male,Home and lifestyle,2,69.72,4.4,Credit card
23,636-48-8204,2019-02-17,Yangon,Normal,Male,Electronic accessories,5,181.44,9.9,Ewallet
24,549-59-1358,2019-03-02,Yangon,Member,Male,Sports and travel,3,279.1845,6.0,Ewallet
25,227-03-5010,2019-03-22,Yangon,Member,Female,Home and lifestyle,8,441.756,8.5,Credit card
26,649-29-6775,2019-02-08,Mandalay,Normal,Male,Fashion accessories,1,35.196,6.7,Cash
27,189-17-4241,2019-03-10,Yangon,Normal,Female,Fashion accessories,2,184.107,7.7,Credit card
28,145-94-9061,2019-01-25,Mandalay,Normal,Female,Food and beverages,5,463.89,9.6,Cash
29,848-62-7243,2019-03-15,Yangon,Normal,Male,Health and beauty,9,235.2105,7.4,Cash
30,871-79-8483,2019-02-25,Mandalay,Normal,Male,Fashion accessories,5,494.1825,4.8,Credit card
31,149-71-6266,2019-01-28,Mandalay,Member,Male,Sports and travel,9,737.7615,4.5,Cash
32,640-49-2076,2019-01-10,Mandalay,Normal,Male,Sports and travel,8,703.752,5.1,Cash
33,595-11-5460,2019-03-15,Yangon,Normal,Male,Health and beauty,2,202.818,5.1,Credit card
34,183-56-6882,2019-02-06,Naypyidaw,Member,Female,Food and beverages,4,417.564,7.5,Ewallet
35,232-16-2483,2019-01-07,Naypyidaw,Member,Female,Sports and travel,1,71.526,6.8,Ewallet
36,129-29-8530,2019-03-10,Yangon,Member,Male,Sports and travel,5,328.755,7.0,Ewallet
37,272-65-1806,2019-01-15,Yangon,Normal,Female,Electronic accessories,9,575.316,4.7,Ewallet
38,333-73-7901,2019-03-23,Naypyidaw,Normal,Female,Health and beauty,8,461.328,7.6,Ewallet
39,777-82-7220,2019-03-03,Mandalay,Member,Male,Home and lifestyle,8,253.008,7.7,Cash
40,280-35-5823,2019-01-17,Mandalay,Member,Female,Home and lifestyle,1,91.056,7.9,Ewallet
41,554-53-8700,2019-02-02,Naypyidaw,Member,Male,Home and lifestyle,2,117.831,6.3,Cash
42,354-25-5821,2019-02-08,Mandalay,Member,Female,Sports and travel,6,435.456,5.6,Cash
43,228-96-1411,2019-03-04,Naypyidaw,Member,Female,Food and beverages,8,829.08,7.6,Cash
44,617-15-4209,2019-03-16,Naypyidaw,Member,Male,Health and beauty,2,32.277,7.2,Cash
45,132-32-9879,2019-03-09,Mandalay,Member,Female,Electronic accessories,4,394.632,9.5,Cash
46,370-41-7321,2019-02-27,Mandalay,Member,Male,Health and beauty,9,535.7205,8.4,Credit card
47,727-46-3608,2019-02-06,Mandalay,Member,Female,Food and beverages,9,189.0945,4.1,Ewallet
48,669-54-1719,2019-02-10,Mandalay,Member,Male,Electronic accessories,6,119.259,8.1,Credit card
49,574-22-5561,2019-03-19,Naypyidaw,Member,Female,Fashion accessories,10,867.615,7.9,Ewallet
50,326-78-5178,2019-02-03,Naypyidaw,Member,Male,Food and beverages,7,671.79,9.5,Cash
51,162-48-8011,2019-02-10,Yangon,Member,Female,Food and beverages,5,234.0975,8.5,Cash
52,616-24-2851,2019-03-22,Mandalay,Member,Female,Fashion accessories,4,75.054,6.5,Ewallet
53,778-71-5554,2019-01-25,Naypyidaw,Member,Male,Fashion accessories,1,16.2015,6.1,Credit card
54,242-55-6721,2019-03-07,Mandalay,Normal,Male,Home and lifestyle,2,33.936,6.5,Ewallet
55,399-46-5918,2019-02-28,Naypyidaw,Normal,Female,Electronic accessories,8,722.232,8.2,Cash
56,106-35-6779,2019-03-27,Yangon,Member,Male,Home and lifestyle,2,93.114,5.8,Cash
57,635-40-6220,2019-02-07,Yangon,Normal,Male,Health and beauty,8,752.64,6.6,Ewallet
58,817-48-8732,2019-01-20,Yangon,Member,Female,Home and lifestyle,10,759.675,5.4,Cash
59,120-06-4233,2019-03-12,Naypyidaw,Normal,Male,Electronic accessories,6,192.843,9.3,Cash
60,285-68-5083,2019-02-15,Naypyidaw,Member,Female,Sports and travel,3,77.931,10.0,Credit card
61,803-83-5989,2019-02-24,Naypyidaw,Normal,Male,Home and lifestyle,6,351.099,7.0,Ewallet
62,347-34-2234,2019-02-03,Mandalay,Member,Female,Sports and travel,9,520.4115,10.0,Ewallet
63,199-75-8169,2019-03-06,Yangon,Member,Male,Sports and travel,10,166.005,8.6,Credit card
64,853-23-2453,2019-02-14,Mandalay,Member,Male,Health and beauty,4,318.108,7.6,Cash
65,877-22-3308,2019-03-13,Yangon,Member,Male,Health and beauty,10,166.635,5.8,Cash
66,838-78-4295,2019-02-10,Naypyidaw,Normal,Female,Health and beauty,2,70.287,6.7,Ewallet
67,109-28-2512,2019-01-07,Mandalay,Member,Female,Fashion accessories,6,614.943,9.9,Ewallet
68,232-11-3025,2019-01-24,Yangon,Normal,Male,Sports and travel,10,827.085,6.4,Cash
69,382-03-4532,2019-02-02,Yangon,Member,Female,Health and beauty,1,19.2465,4.3,Cash
70,393-65-2792,2019-01-06,Naypyidaw,Normal,Male,Food and beverages,10,939.54,9.6,Credit card
71,796-12-2025,2019-02-11,Naypyidaw,Normal,Male,Fashion accessories,10,652.26,5.9,Cash
72,510-95-6347,2019-03-05,Mandalay,Member,Female,Food and beverages,3,152.838,4.0,Ewallet
73,841-35-6630,2019-03-09,Naypyidaw,Normal,Female,Electronic accessories,6,478.233,8.7,Cash
74,287-21-9091,2019-01-22,Yangon,Normal,Male,Home and lifestyle,9,705.6315,9.4,Ewallet
75,732-94-0499,2019-01-13,Naypyidaw,Normal,Female,Electronic accessories,10,437.325,5.4,Credit card
76,263-10-3913,2019-01-09,Naypyidaw,Member,Male,Fashion accessories,9,463.428,8.6,Credit card
77,381-20-0914,2019-01-12,Yangon,Member,Female,Fashion accessories,9,189.0945,5.7,Credit card
78,829-49-1914,2019-03-05,Naypyidaw,Member,Female,Food and beverages,10,822.255,6.6,Ewallet
79,756-01-7507,2019-01-22,Naypyidaw,Normal,Female,Health and beauty,5,106.995,6.0,Cash
80,870-72-4431,2019-01-21,Naypyidaw,Normal,Female,Health and beauty,6,624.897,5.5,Credit card
81,847-38-7188,2019-01-26,Mandalay,Normal,Female,Food and beverages,3,304.542,6.4,Ewallet
82,480-63-2856,2019-01-23,Naypyidaw,Normal,Male,Food and beverages,8,161.7,6.6,Ewallet
83,787-56-0757,2019-02-23,Naypyidaw,Member,Female,Food and beverages,4,337.512,8.3,Credit card
84,360-39-5055,2019-03-09,Naypyidaw,Member,Male,Sports and travel,5,256.7775,6.6,Cash
85,730-50-9884,2019-03-05,Naypyidaw,Normal,Female,Sports and travel,7,610.491,4.0,Ewallet
86,362-58-8315,2019-03-25,Naypyidaw,Normal,Male,Fashion accessories,5,401.73,9.9,Cash
87,633-44-8566,2019-03-27,Yangon,Member,Male,Food and beverages,7,362.943,7.3,Credit card
88,504-35-8843,2019-01-02,Yangon,Normal,Male,Sports and travel,1,44.5935,5.7,Cash
89,318-68-5053,2019-02-27,Mandalay,Normal,Female,Health and beauty,6,485.037,6.1,Cash
90,565-80-5980,2019-01-23,Naypyidaw,Member,Female,Home and lifestyle,4,198.996,7.1,Cash
91,225-32-0908,2019-01-26,Naypyidaw,Normal,Female,Sports and travel,10,471.03,8.2,Ewallet
92,873-51-0671,2019-01-10,Yangon,Member,Female,Sports and travel,7,161.553,5.1,Ewallet
93,152-08-9985,2019-03-12,Mandalay,Member,Male,Health and beauty,9,608.202,8.6,Credit card
94,512-91-0811,2019-02-06,Naypyidaw,Normal,Male,Health and beauty,1,94.2375,6.6,Credit card
95,594-34-4444,2019-03-08,Yangon,Normal,Male,Electronic accessories,1,102.018,7.2,Ewallet
96,766-85-7061,2019-03-29,Mandalay,Normal,Male,Health and beauty,10,922.635,5.1,Ewallet
97,871-39-9221,2019-02-09,Naypyidaw,Normal,Female,Electronic accessories,6,78.435,4.1,Cash
98,865-92-6136,2019-03-23,Yangon,Normal,Male,Food and beverages,3,166.1625,9.3,Ewallet
99,733-01-9107,2019-03-05,Mandalay,Normal,Male,Home and lifestyle,6,521.01,7.4,Cash
100,163-56-7055,2019-03-26,Naypyidaw,Member,Male,Fashion accessories,1,51.1455,4.1,Cash
101,189-98-2939,2019-03-01,Naypyidaw,Normal,Male,Fashion accessories,9,742.2975,7.2,Cash
102,551-21-3069,2019-02-01,Naypyidaw,Normal,Female,Electronic accessories,9,218.0115,4.9,Cash
103,212-62-1842,2019-03-28,Yangon,Normal,Male,Food and beverages,6,367.038,9.9,Cash
104,716-39-1409,2019-03-19,Mandalay,Normal,Male,Health and beauty,7,223.0725,8.0,Cash
105,704-48-3927,2019-01-12,Yangon,Member,Male,Electronic accessories,10,931.035,7.3,Ewallet
106,628-34-3388,2019-01-05,Naypyidaw,Normal,Male,Fashion accessories,6,172.494,7.9,Credit card
107,630-74-5166,2019-03-22,Yangon,Normal,Male,Sports and travel,6,391.419,7.4,Cash
108,588-01-7461,2019-03-24,Naypyidaw,Normal,Female,Food and beverages,9,321.111,4.2,Cash
109,861-77-0145,2019-03-03,Naypyidaw,Member,Male,Electronic accessories,10,860.685,9.2,Cash
110,479-26-8945,2019-02-05,Mandalay,Member,Female,Sports and travel,2,34.629,4.6,Ewallet
111,210-67-5886,2019-02-05,Naypyidaw,Member,Female,Health and beauty,3,309.3615,7.8,Credit card
112,227-78-1148,2019-02-15,Mandalay,Normal,Female,Fashion accessories,7,535.374,8.4,Cash
113,645-44-1170,2019-01-19,Yangon,Member,Male,Home and lifestyle,9,548.7615,4.3,Ewallet
114,237-01-6122,2019-02-01,Naypyidaw,Member,Female,Home and lifestyle,9,763.4655,9.5,Credit card
115,225-98-1496,2019-03-02,Naypyidaw,Normal,Female,Fashion accessories,3,85.113,7.1,Credit card
116,291-32-1427,2019-03-05,Mandalay,Member,Male,Fashion accessories,5,115.185,5.3,Ewallet
117,659-65-8956,2019-01-16,Mandalay,Member,Male,Fashion accessories,1,53.928,5.2,Ewallet
118,642-32-2990,2019-02-02,Yangon,Normal,Female,Food and beverages,10,115.08,6.0,Ewallet
119,378-24-2715,2019-01-20,Mandalay,Normal,Male,Home and lifestyle,2,112.224,4.1,Ewallet
120,638-60-7125,2019-02-14,Yangon,Normal,Female,Electronic accessories,8,836.304,5.2,Credit card
121,659-36-1684,2019-01-12,Naypyidaw,Member,Male,Sports and travel,7,419.832,6.5,Credit card
122,219-22-9386,2019-03-09,Mandalay,Member,Male,Sports and travel,9,944.622,4.2,Credit card
123,336-78-2147,2019-03-13,Naypyidaw,Member,Male,Home and lifestyle,8,536.844,4.6,Credit card
124,268-27-6179,2019-03-09,Mandalay,Member,Female,Fashion accessories,8,474.348,7.3,Ewallet
125,668-90-8900,2019-03-10,Yangon,Normal,Female,Home and lifestyle,7,688.6215,4.5,Credit card
126,870-54-3162,2019-01-27,Yangon,Normal,Female,Sports and travel,5,169.3125,9.0,Cash
127,189-08-9157,2019-01-08,Naypyidaw,Normal,Female,Fashion accessories,9,299.8485,5.9,Credit card
128,663-86-9076,2019-01-08,Naypyidaw,Member,Female,Food and beverages,8,575.736,8.5,Ewallet
129,549-84-7482,2019-02-08,Mandalay,Normal,Female,Sports and travel,9,853.146,7.2,Ewallet
130,191-10-6171,2019-01-25,Mandalay,Normal,Female,Fashion accessories,7,291.207,7.5,Cash
131,802-70-5316,2019-03-06,Yangon,Member,Female,Sports and travel,6,580.419,8.3,Cash
132,695-51-0018,2019-02-10,Mandalay,Normal,Female,Sports and travel,4,146.328,7.4,Cash
133,590-83-4591,2019-02-17,Mandalay,Member,Male,Electronic accessories,6,550.935,8.8,Credit card
134,483-71-1164,2019-03-08,Naypyidaw,Normal,Female,Health and beauty,6,512.19,5.3,Ewallet
135,597-78-7908,2019-02-18,Naypyidaw,Normal,Male,Fashion accessories,3,284.193,6.2,Cash
136,700-81-1757,2019-01-18,Yangon,Normal,Female,Electronic accessories,5,138.1275,8.8,Credit card
137,354-39-5160,2019-02-18,Yangon,Member,Female,Home and lifestyle,6,216.846,9.8,Cash
138,241-72-9525,2019-02-16,Mandalay,Normal,Male,Sports and travel,10,545.055,8.2,Cash
139,575-30-8091,2019-03-16,Yangon,Normal,Male,Sports and travel,8,609.0,9.2,Ewallet
140,731-81-9469,2019-01-23,Naypyidaw,Member,Female,Sports and travel,10,942.9,5.4,Credit card
141,280-17-4359,2019-01-25,Naypyidaw,Member,Male,Health and beauty,10,950.25,8.1,Cash
142,338-65-2210,2019-02-05,Naypyidaw,Member,Female,Health and beauty,10,720.3,9.1,Cash
143,488-25-4221,2019-02-22,Naypyidaw,Member,Female,Food and beverages,1,31.9305,8.4,Credit card
144,239-10-7476,2019-01-21,Yangon,Normal,Female,Home and lifestyle,6,491.085,8.0,Ewallet
145,458-41-1477,2019-03-08,Naypyidaw,Normal,Female,Health and beauty,6,291.438,9.5,Credit card
146,685-64-1609,2019-02-10,Yangon,Member,Female,Fashion accessories,10,316.47,9.2,Ewallet
147,568-90-5112,2019-03-19,Naypyidaw,Normal,Male,Health and beauty,4,277.788,5.6,Credit card
148,262-47-2794,2019-03-06,Mandalay,Member,Male,Home and lifestyle,8,603.624,6.2,Credit card
149,238-49-0436,2019-03-27,Yangon,Normal,Male,Health and beauty,8,272.664,4.9,Credit card
150,608-96-3517,2019-03-23,Mandalay,Member,Female,Fashion accessories,4,384.468,4.8,Credit card
151,584-86-7256,2019-03-11,Naypyidaw,Member,Male,Sports and travel,7,254.016,7.3,Credit card
152,746-94-0204,2019-01-29,Yangon,Normal,Male,Fashion accessories,9,786.618,7.4,Credit card
153,214-17-6927,2019-02-07,Naypyidaw,Normal,Female,Food and beverages,6,103.824,9.9,Ewallet
154,400-89-4171,2019-01-28,Naypyidaw,Normal,Female,Sports and travel,8,680.148,9.3,Cash
155,782-95-9291,2019-02-20,Yangon,Member,Male,Food and beverages,5,484.5225,9.0,Credit card
156,279-74-2924,2019-01-04,Mandalay,Member,Male,Electronic accessories,1,75.7785,6.1,Cash
157,307-85-2293,2019-03-07,Mandalay,Normal,Male,Home and lifestyle,5,263.97,9.7,Ewallet
158,743-04-1105,2019-03-30,Mandalay,Member,Male,Health and beauty,9,918.729,6.0,Ewallet
159,423-57-2993,2019-03-27,Mandalay,Normal,Male,Sports and travel,6,588.357,10.0,Ewallet
160,894-41-5205,2019-01-19,Naypyidaw,Normal,Female,Food and beverages,8,362.712,8.3,Credit card
161,275-28-0149,2019-02-25,Yangon,Normal,Male,Sports and travel,1,66.8745,6.0,Cash
162,101-17-6199,2019-03-13,Yangon,Normal,Male,Food and beverages,7,336.5565,7.0,Credit card
163,423-80-0988,2019-01-30,Naypyidaw,Normal,Male,Sports and travel,2,160.44,6.5,Ewallet
164,548-46-9322,2019-02-20,Mandalay,Normal,Male,Food and beverages,10,418.95,5.9,Credit card
165,505-02-0892,2019-02-25,Mandalay,Member,Male,Health and beauty,8,357.588,5.6,Ewallet
166,234-65-2137,2019-01-16,Naypyidaw,Normal,Male,Home and lifestyle,10,1003.59,4.8,Cash
167,687-47-8271,2019-02-08,Yangon,Normal,Male,Fashion accessories,10,1039.29,8.7,Credit card
168,796-32-9050,2019-01-19,Yangon,Normal,Male,Food and beverages,6,323.064,6.5,Cash
169,105-31-1824,2019-02-01,Yangon,Member,Male,Sports and travel,7,510.972,8.5,Credit card
170,249-42-3782,2019-01-03,Yangon,Normal,Male,Health and beauty,5,367.5525,5.5,Ewallet
171,316-55-4634,2019-01-26,Mandalay,Member,Male,Food and beverages,5,420.2625,9.4,Credit card
172,733-33-4967,2019-03-03,Naypyidaw,Normal,Male,Electronic accessories,8,175.14,6.3,Cash
173,608-27-6295,2019-01-19,Mandalay,Member,Male,Electronic accessories,6,333.207,9.8,Credit card
174,414-12-7047,2019-01-18,Mandalay,Normal,Male,Food and beverages,8,166.236,8.7,Ewallet
175,827-26-2100,2019-03-21,Yangon,Member,Male,Home and lifestyle,9,319.788,8.8,Ewallet
176,175-54-2529,2019-03-03,Yangon,Member,Male,Food and beverages,8,186.228,9.6,Credit card
177,139-52-2867,2019-02-13,Naypyidaw,Normal,Female,Fashion accessories,7,165.4485,4.8,Credit card
178,407-63-8975,2019-03-23,Yangon,Normal,Male,Food and beverages,6,465.444,4.4,Ewallet
179,342-65-4817,2019-01-28,Naypyidaw,Member,Male,Health and beauty,3,273.42,9.9,Ewallet
180,130-98-8941,2019-02-09,Naypyidaw,Normal,Male,Fashion accessories,7,472.311,5.7,Cash
181,434-83-9547,2019-01-23,Naypyidaw,Member,Male,Food and beverages,8,323.148,7.7,Cash
182,851-28-6367,2019-03-23,Yangon,Member,Male,Sports and travel,10,162.75,8.0,Ewallet
183,824-88-3614,2019-01-25,Naypyidaw,Normal,Male,Health and beauty,8,288.204,5.7,Ewallet
184,586-25-0848,2019-03-04,Yangon,Normal,Female,Sports and travel,7,90.699,6.7,Credit card
185,895-66-0685,2019-03-05,Mandalay,Member,Male,Food and beverages,3,56.952,8.0,Ewallet
186,305-14-0245,2019-03-03,Mandalay,Member,Female,Home and lifestyle,8,793.716,7.5,Ewallet
187,732-04-5373,2019-02-08,Mandalay,Member,Male,Home and lifestyle,4,195.174,7.0,Cash
188,400-60-7251,2019-02-10,Yangon,Normal,Male,Home and lifestyle,1,77.7735,9.9,Ewallet
189,593-65-1552,2019-01-28,Naypyidaw,Normal,Female,Home and lifestyle,4,293.202,5.9,Credit card
190,284-34-9626,2019-02-11,Mandalay,Normal,Female,Home and lifestyle,3,242.676,7.2,Credit card
191,437-58-8131,2019-01-15,Mandalay,Normal,Female,Fashion accessories,2,154.392,4.6,Ewallet
192,286-43-6208,2019-03-16,Naypyidaw,Normal,Female,Food and beverages,9,829.71,9.2,Cash
193,641-43-2399,2019-01-26,Mandalay,Normal,Male,Home and lifestyle,4,107.31,5.7,Ewallet
194,831-07-6050,2019-03-19,Yangon,Normal,Male,Electronic accessories,5,171.7275,9.9,Credit card
195,556-86-3144,2019-01-13,Naypyidaw,Member,Female,Fashion accessories,1,78.0045,5.0,Cash
196,848-24-9445,2019-03-26,Naypyidaw,Member,Male,Health and beauty,2,91.77,4.9,Cash
197,856-22-8149,2019-03-23,Yangon,Normal,Female,Home and lifestyle,1,26.5545,6.1,Ewallet
198,699-01-4164,2019-03-12,Naypyidaw,Normal,Male,Health and beauty,4,174.3,8.2,Credit card
199,420-11-4919,2019-02-17,Naypyidaw,Member,Female,Food and beverages,5,374.7975,5.5,Credit card
200,606-80-4905,2019-01-29,Naypyidaw,Member,Female,Sports and travel,6,120.645,6.8,Credit card
201,542-41-0513,2019-03-15,Mandalay,Member,Female,Electronic accessories,4,241.458,6.6,Cash
202,426-39-2418,2019-01-14,Naypyidaw,Normal,Male,Electronic accessories,7,451.3635,9.8,Cash
203,875-46-5808,2019-02-06,Mandalay,Member,Male,Health and beauty,10,271.95,8.7,Ewallet
204,394-43-4238,2019-02-15,Mandalay,Member,Male,Home and lifestyle,5,93.2925,5.4,Credit card
205,749-24-1565,2019-01-03,Yangon,Normal,Female,Health and beauty,9,217.6335,7.9,Ewallet
206,672-51-8681,2019-01-04,Naypyidaw,Member,Female,Electronic accessories,9,629.8425,9.7,Credit card
207,263-87-5680,2019-03-18,Naypyidaw,Member,Female,Home and lifestyle,10,299.565,7.8,Ewallet
208,573-58-9734,2019-03-28,Mandalay,Normal,Female,Fashion accessories,3,95.6655,5.1,Ewallet
209,817-69-8206,2019-03-02,Mandalay,Normal,Female,Electronic accessories,9,942.4485,6.5,Credit card
210,888-02-0338,2019-01-25,Yangon,Normal,Male,Electronic accessories,9,247.8735,5.9,Ewallet
211,677-11-0152,2019-01-16,Naypyidaw,Normal,Female,Food and beverages,9,881.307,8.8,Cash
212,142-63-6033,2019-03-20,Mandalay,Normal,Male,Home and lifestyle,5,484.89,4.9,Ewallet
213,656-16-1063,2019-01-04,Mandalay,Normal,Male,Sports and travel,3,146.223,4.4,Credit card
214,891-58-8335,2019-03-11,Mandalay,Member,Female,Sports and travel,7,217.6335,6.5,Cash
215,802-43-8934,2019-03-22,Yangon,Normal,Male,Home and lifestyle,1,19.194,8.3,Credit card
216,560-30-5617,2019-03-24,Mandalay,Normal,Female,Sports and travel,5,130.0425,8.5,Cash
217,319-74-2561,2019-02-21,Yangon,Member,Female,Electronic accessories,3,298.116,5.5,Cash
218,549-03-9315,2019-02-12,Mandalay,Normal,Male,Fashion accessories,8,796.908,8.7,Ewallet
219,790-29-1172,2019-03-10,Mandalay,Normal,Female,Food and beverages,3,180.621,7.9,Credit card
220,239-36-3640,2019-01-31,Mandalay,Normal,Male,Electronic accessories,6,285.705,6.1,Ewallet
221,468-01-2051,2019-03-06,Mandalay,Normal,Male,Food and beverages,7,456.288,5.4,Ewallet
222,389-25-3394,2019-02-17,Naypyidaw,Normal,Male,Electronic accessories,5,62.0025,9.4,Cash
223,279-62-1445,2019-02-21,Naypyidaw,Member,Female,Fashion accessories,1,13.167,8.2,Cash
224,213-72-6612,2019-03-20,Yangon,Normal,Male,Food and beverages,2,90.825,6.2,Cash
225,746-68-6593,2019-01-11,Naypyidaw,Member,Female,Sports and travel,2,183.036,9.7,Credit card
226,836-82-5858,2019-01-26,Mandalay,Member,Male,Health and beauty,9,655.5465,4.0,Ewallet
227,583-72-1480,2019-01-31,Naypyidaw,Member,Male,Electronic accessories,4,155.652,9.7,Ewallet
228,466-61-5506,2019-02-26,Mandalay,Member,Female,Electronic accessories,6,571.41,5.3,Cash
229,721-86-6247,2019-03-11,Yangon,Normal,Female,Home and lifestyle,8,532.728,7.4,Ewallet
230,289-65-5721,2019-01-26,Mandalay,Normal,Female,Fashion accessories,2,170.877,6.5,Cash
231,545-46-3100,2019-03-12,Mandalay,Member,Female,Electronic accessories,3,33.3585,8.7,Credit card
232,418-02-5978,2019-02-11,Mandalay,Normal,Female,Health and beauty,9,794.6505,8.0,Cash
233,269-04-5750,2019-02-21,Mandalay,Member,Male,Fashion accessories,4,310.044,6.7,Cash
234,157-13-5295,2019-03-09,Yangon,Member,Male,Health and beauty,10,545.37,6.5,Ewallet
235,645-78-8093,2019-01-20,Yangon,Normal,Female,Sports and travel,2,195.594,4.1,Ewallet
236,211-30-9270,2019-01-28,Naypyidaw,Normal,Male,Health and beauty,5,91.4025,4.9,Credit card
237,755-12-3214,2019-03-05,Naypyidaw,Member,Female,Fashion accessories,5,232.155,8.6,Credit card
238,346-84-3103,2019-03-02,Mandalay,Member,Female,Electronic accessories,5,69.405,4.3,Cash
239,478-06-7835,2019-01-11,Yangon,Normal,Male,Fashion accessories,1,94.1745,4.9,Ewallet
240,540-11-4336,2019-01-11,Yangon,Normal,Male,Food and beverages,9,235.683,5.6,Credit card
241,448-81-5016,2019-03-11,Yangon,Normal,Male,Health and beauty,2,125.517,5.8,Credit card
242,142-72-4741,2019-02-28,Naypyidaw,Member,Male,Fashion accessories,2,195.72,6.0,Credit card
243,217-58-1179,2019-01-05,Yangon,Member,Male,Home and lifestyle,4,263.13,4.2,Cash
244,376-02-8238,2019-02-02,Mandalay,Normal,Male,Home and lifestyle,8,788.508,8.3,Credit card
245,530-90-9855,2019-01-01,Yangon,Member,Male,Home and lifestyle,8,399.756,5.7,Cash
246,866-05-7563,2019-02-09,Mandalay,Member,Female,Electronic accessories,3,256.41,4.8,Cash
247,604-70-6476,2019-01-23,Yangon,Member,Male,Fashion accessories,5,94.185,6.8,Ewallet
248,799-71-1548,2019-01-07,Yangon,Member,Male,Electronic accessories,4,326.424,8.8,Credit card
249,785-13-7708,2019-01-14,Mandalay,Normal,Male,Food and beverages,7,536.991,4.2,Credit card
250,845-51-0542,2019-02-02,Mandalay,Member,Male,Food and beverages,9,439.8975,6.4,Ewallet
251,662-47-5456,2019-03-17,Naypyidaw,Member,Male,Fashion accessories,10,369.495,8.4,Credit card
252,883-17-4236,2019-03-02,Naypyidaw,Normal,Female,Sports and travel,2,30.219,7.2,Credit card
253,290-68-2984,2019-03-16,Yangon,Normal,Male,Home and lifestyle,4,99.75,5.2,Cash
254,704-11-6354,2019-01-06,Yangon,Member,Male,Home and lifestyle,8,494.76,8.9,Cash
255,110-48-7033,2019-01-29,Mandalay,Member,Male,Fashion accessories,4,137.004,9.0,Cash
256,366-93-0948,2019-01-31,Yangon,Member,Male,Electronic accessories,1,69.6675,9.7,Credit card
257,729-09-9681,2019-02-05,Yangon,Member,Male,Home and lifestyle,6,163.233,8.7,Ewallet
258,151-16-1484,2019-02-13,Yangon,Member,Male,Electronic accessories,4,135.45,6.5,Ewallet
259,380-94-4661,2019-02-07,Naypyidaw,Member,Male,Electronic accessories,4,276.948,6.9,Credit card
260,850-41-9669,2019-03-19,Yangon,Normal,Female,Electronic accessories,9,709.317,6.2,Ewallet
261,821-07-3596,2019-03-07,Naypyidaw,Normal,Female,Fashion accessories,4,69.09,5.6,Ewallet
262,655-85-5130,2019-03-13,Mandalay,Member,Female,Fashion accessories,4,160.86,5.7,Cash
263,447-15-7839,2019-02-09,Yangon,Member,Female,Sports and travel,10,233.52,4.2,Cash
264,154-74-7179,2019-02-26,Mandalay,Normal,Male,Sports and travel,1,57.1725,7.9,Ewallet
265,253-12-6086,2019-03-12,Yangon,Member,Female,Sports and travel,7,723.24,8.7,Credit card
266,808-65-0703,2019-03-14,Naypyidaw,Normal,Male,Home and lifestyle,4,148.974,6.9,Credit card
267,571-94-0759,2019-01-08,Mandalay,Member,Female,Food and beverages,10,783.3,9.5,Cash
268,144-51-6085,2019-01-05,Yangon,Member,Male,Home and lifestyle,4,297.108,4.4,Credit card
269,731-14-2199,2019-01-04,Yangon,Member,Female,Home and lifestyle,10,373.17,7.0,Ewallet
270,783-09-1637,2019-03-06,Mandalay,Normal,Female,Sports and travel,5,354.0075,6.3,Ewallet
271,687-15-1097,2019-01-03,Naypyidaw,Member,Female,Health and beauty,2,44.352,9.7,Cash
272,126-54-1082,2019-01-07,Yangon,Member,Female,Home and lifestyle,9,203.553,8.8,Credit card
273,633-91-1052,2019-01-27,Yangon,Normal,Female,Home and lifestyle,2,25.263,5.1,Cash
274,477-24-6490,2019-02-26,Mandalay,Normal,Female,Health and beauty,6,628.173,7.9,Ewallet
275,566-19-5475,2019-01-07,Mandalay,Normal,Male,Fashion accessories,7,352.5795,6.2,Cash
276,526-86-8552,2019-01-07,Naypyidaw,Member,Female,Home and lifestyle,10,229.11,7.1,Cash
277,376-56-3573,2019-02-02,Naypyidaw,Normal,Female,Fashion accessories,4,400.764,6.4,Ewallet
278,537-72-0426,2019-03-20,Naypyidaw,Member,Male,Fashion accessories,10,745.395,5.7,Cash
279,828-61-5674,2019-03-20,Yangon,Member,Male,Sports and travel,10,462.21,9.6,Credit card
280,136-08-6195,2019-02-15,Yangon,Normal,Female,Home and lifestyle,8,587.664,6.4,Credit card
281,523-38-0215,2019-03-06,Naypyidaw,Normal,Male,Home and lifestyle,1,38.85,7.9,Credit card
282,490-29-1201,2019-01-06,Yangon,Normal,Female,Sports and travel,1,16.107,6.5,Cash
283,667-92-0055,2019-03-04,Yangon,Member,Male,Health and beauty,6,628.929,8.5,Ewallet
284,565-17-3836,2019-03-12,Yangon,Member,Female,Health and beauty,4,200.214,9.1,Cash
285,498-41-1961,2019-02-20,Mandalay,Normal,Male,Health and beauty,5,350.07,7.6,Cash
286,593-95-4461,2019-03-24,Naypyidaw,Member,Male,Home and lifestyle,1,78.603,6.9,Cash
287,226-71-3580,2019-01-31,Naypyidaw,Normal,Female,Sports and travel,9,224.4375,9.5,Cash
288,283-79-9594,2019-01-25,Mandalay,Normal,Female,Food and beverages,7,356.5485,5.2,Credit card
289,430-60-3493,2019-02-03,Yangon,Member,Female,Home and lifestyle,7,697.368,4.2,Cash
290,139-20-0155,2019-01-24,Mandalay,Member,Male,Electronic accessories,10,423.15,7.0,Credit card
291,558-80-4082,2019-03-14,Naypyidaw,Normal,Male,Electronic accessories,7,204.6975,6.0,Ewallet
292,278-97-7759,2019-02-18,Yangon,Member,Female,Electronic accessories,1,65.604,4.7,Cash
293,316-68-6352,2019-01-21,Yangon,Member,Female,Food and beverages,2,76.356,7.1,Cash
294,585-03-5943,2019-03-13,Mandalay,Normal,Male,Health and beauty,10,190.155,5.9,Ewallet
295,211-05-0490,2019-03-03,Naypyidaw,Member,Female,Electronic accessories,5,272.58,7.5,Cash
296,727-75-6477,2019-03-29,Naypyidaw,Normal,Male,Electronic accessories,4,121.128,6.4,Cash
297,744-02-5987,2019-01-10,Yangon,Member,Male,Home and lifestyle,6,493.794,5.8,Ewallet
298,307-83-9164,2019-01-25,Yangon,Member,Male,Home and lifestyle,4,252.042,4.5,Cash
299,779-06-0012,2019-01-19,Naypyidaw,Member,Female,Home and lifestyle,1,93.0405,7.7,Cash
300,446-47-6729,2019-01-02,Naypyidaw,Normal,Male,Fashion accessories,2,209.622,6.7,Credit card
301,573-10-3877,2019-03-12,Mandalay,Member,Male,Health and beauty,1,40.9605,4.7,Credit card
302,735-06-4124,2019-02-25,Naypyidaw,Normal,Male,Food and beverages,1,51.0405,4.4,Cash
303,439-54-7422,2019-03-18,Yangon,Normal,Female,Electronic accessories,4,214.998,4.7,Credit card
304,396-90-2219,2019-02-23,Mandalay,Normal,Female,Electronic accessories,8,125.664,8.6,Cash
305,411-77-0180,2019-03-26,Yangon,Member,Male,Electronic accessories,7,530.67,4.3,Ewallet
306,286-01-5402,2019-03-30,Yangon,Normal,Female,Sports and travel,7,295.6905,9.6,Cash
307,803-17-8013,2019-02-17,Yangon,Member,Female,Home and lifestyle,8,745.836,4.1,Cash
308,512-98-1403,2019-03-21,Yangon,Member,Female,Electronic accessories,3,83.412,4.7,Ewallet
309,848-42-2560,2019-03-05,Yangon,Normal,Female,Fashion accessories,2,172.011,7.8,Cash
310,532-59-7201,2019-01-31,Mandalay,Member,Male,Sports and travel,6,503.559,5.5,Cash
311,181-94-6432,2019-02-05,Naypyidaw,Member,Male,Fashion accessories,2,145.593,9.7,Ewallet
312,870-76-1733,2019-02-01,Yangon,Member,Female,Food and beverages,5,74.7075,4.4,Credit card
313,423-64-4619,2019-03-07,Yangon,Member,Female,Health and beauty,9,146.9475,5.0,Cash
314,227-07-4446,2019-02-10,Naypyidaw,Member,Female,Electronic accessories,10,820.365,4.4,Cash
315,174-36-3675,2019-02-14,Naypyidaw,Member,Male,Food and beverages,2,208.677,5.2,Cash
316,428-83-5800,2019-02-09,Naypyidaw,Member,Female,Food and beverages,3,66.402,7.3,Cash
317,603-07-0961,2019-01-10,Naypyidaw,Member,Male,Electronic accessories,5,392.6475,4.9,Cash
318,704-20-4138,2019-03-11,Naypyidaw,Member,Female,Health and beauty,7,218.0745,8.1,Credit card
319,787-15-1757,2019-02-18,Naypyidaw,Member,Male,Health and beauty,4,185.094,8.4,Ewallet
320,649-11-3678,2019-02-26,Naypyidaw,Normal,Female,Food and beverages,9,216.6885,5.5,Cash
321,622-20-1945,2019-01-18,Naypyidaw,Normal,Female,Health and beauty,1,41.391,8.4,Cash
322,372-94-8041,2019-02-15,Yangon,Normal,Male,Health and beauty,6,96.138,9.8,Ewallet
323,563-91-7120,2019-03-08,Yangon,Normal,Female,Fashion accessories,5,324.2925,6.7,Cash
324,746-54-5508,2019-01-17,Yangon,Normal,Male,Home and lifestyle,6,135.576,9.4,Credit card
325,276-54-0879,2019-03-12,Mandalay,Normal,Male,Sports and travel,4,410.508,6.4,Ewallet
326,815-11-1168,2019-03-09,Yangon,Member,Male,Food and beverages,5,523.845,5.4,Cash
327,719-76-3868,2019-03-12,Naypyidaw,Member,Male,Food and beverages,4,395.892,8.6,Cash
328,730-61-8757,2019-01-25,Mandalay,Member,Male,Health and beauty,4,214.746,4.0,Credit card
329,340-66-0321,2019-03-25,Yangon,Member,Male,Electronic accessories,4,152.712,7.6,Cash
330,868-81-1752,2019-02-07,Mandalay,Normal,Male,Home and lifestyle,9,208.089,6.8,Cash
331,634-97-8956,2019-02-17,Yangon,Normal,Male,Food and beverages,3,103.635,9.1,Credit card
332,566-71-1091,2019-02-03,Yangon,Normal,Male,Fashion accessories,5,404.355,5.5,Cash
333,442-48-3607,2019-03-14,Yangon,Member,Male,Food and beverages,2,49.308,7.9,Credit card
334,835-16-0096,2019-03-24,Naypyidaw,Member,Male,Sports and travel,5,77.175,8.5,Ewallet
335,527-09-6272,2019-03-21,Yangon,Member,Female,Electronic accessories,5,149.3625,9.1,Credit card
336,898-04-2717,2019-03-19,Yangon,Normal,Male,Fashion accessories,9,721.98,7.5,Ewallet
337,692-27-8933,2019-02-24,Mandalay,Normal,Female,Sports and travel,6,365.085,5.2,Cash
338,633-09-3463,2019-03-28,Naypyidaw,Normal,Female,Electronic accessories,3,150.0975,9.5,Credit card
339,374-17-3652,2019-02-05,Mandalay,Member,Female,Food and beverages,9,404.649,8.9,Credit card
340,378-07-7001,2019-02-10,Mandalay,Member,Male,Electronic accessories,3,151.4835,7.8,Credit card
341,433-75-6987,2019-03-05,Mandalay,Member,Female,Health and beauty,7,411.3795,8.9,Ewallet
342,873-95-4984,2019-02-15,Mandalay,Member,Female,Health and beauty,7,565.215,7.7,Cash
343,416-13-5917,2019-01-30,Naypyidaw,Normal,Female,Food and beverages,5,509.4075,9.3,Ewallet
344,150-89-8043,2019-02-14,Yangon,Normal,Male,Sports and travel,3,140.6475,6.2,Cash
345,135-84-8019,2019-02-27,Yangon,Normal,Female,Fashion accessories,9,736.4385,7.6,Ewallet
346,441-94-7118,2019-02-04,Yangon,Member,Male,Electronic accessories,1,75.5475,7.3,Cash
347,725-96-3778,2019-01-20,Naypyidaw,Member,Female,Home and lifestyle,8,749.7,4.7,Cash
348,531-80-1784,2019-03-28,Yangon,Normal,Male,Electronic accessories,7,191.247,5.1,Cash
349,400-45-1220,2019-02-27,Mandalay,Normal,Female,Health and beauty,10,141.75,4.8,Credit card
350,860-79-0874,2019-02-15,Naypyidaw,Member,Female,Fashion accessories,10,1042.65,6.6,Credit card
351,834-61-8124,2019-01-26,Yangon,Normal,Male,Electronic accessories,7,379.9215,5.5,Cash
352,115-99-4379,2019-03-14,Mandalay,Member,Female,Fashion accessories,7,402.2655,8.5,Credit card
353,565-67-6697,2019-03-02,Mandalay,Member,Male,Home and lifestyle,9,255.15,4.8,Cash
354,320-49-6392,2019-03-04,Naypyidaw,Normal,Female,Electronic accessories,1,31.752,8.4,Cash
355,889-04-9723,2019-01-07,Mandalay,Member,Female,Food and beverages,4,374.388,7.8,Credit card
356,632-90-0281,2019-03-08,Naypyidaw,Normal,Female,Fashion accessories,10,394.275,9.3,Credit card
357,554-42-2417,2019-01-09,Naypyidaw,Normal,Female,Sports and travel,10,1002.12,5.2,Cash
358,453-63-6187,2019-03-01,Mandalay,Normal,Male,Electronic accessories,3,86.625,6.5,Ewallet
359,578-80-7669,2019-03-16,Mandalay,Normal,Male,Sports and travel,1,78.7185,5.6,Cash
360,612-36-5536,2019-02-17,Yangon,Member,Male,Food and beverages,8,680.064,7.4,Credit card
361,605-72-4132,2019-02-27,Naypyidaw,Normal,Female,Food and beverages,8,793.548,9.1,Cash
362,471-41-2823,2019-03-07,Naypyidaw,Normal,Male,Food and beverages,2,209.559,8.0,Ewallet
363,462-67-9126,2019-01-21,Yangon,Normal,Male,Home and lifestyle,6,461.286,7.2,Cash
364,272-27-9238,2019-02-19,Naypyidaw,Normal,Female,Food and beverages,4,173.208,7.1,Cash
365,834-25-9262,2019-01-06,Naypyidaw,Normal,Female,Fashion accessories,4,343.056,9.1,Cash
366,122-61-9553,2019-03-14,Naypyidaw,Normal,Female,Electronic accessories,9,484.974,5.6,Cash
367,468-88-0009,2019-03-24,Yangon,Member,Male,Home and lifestyle,4,276.948,6.0,Cash
368,613-59-9758,2019-01-27,Naypyidaw,Normal,Female,Sports and travel,10,150.78,5.4,Cash
369,254-31-0042,2019-03-06,Yangon,Member,Male,Electronic accessories,9,203.175,7.8,Credit card
370,201-86-2184,2019-02-02,Mandalay,Member,Female,Electronic accessories,7,193.011,9.9,Cash
371,261-12-8671,2019-01-25,Mandalay,Normal,Female,Fashion accessories,2,128.016,4.9,Credit card
372,730-70-9830,2019-03-14,Naypyidaw,Normal,Female,Home and lifestyle,6,441.693,5.2,Ewallet
373,382-25-8917,2019-01-29,Naypyidaw,Normal,Male,Fashion accessories,6,265.104,8.9,Cash
374,422-29-8786,2019-01-03,Yangon,Normal,Female,Home and lifestyle,5,352.2225,9.1,Credit card
375,667-23-5919,2019-01-14,Yangon,Member,Female,Fashion accessories,5,507.675,7.0,Ewallet
376,843-01-4703,2019-01-05,Mandalay,Member,Female,Home and lifestyle,9,334.341,9.6,Credit card
377,743-88-1662,2019-02-22,Naypyidaw,Normal,Male,Sports and travel,7,701.8515,8.7,Ewallet
378,595-86-2894,2019-02-06,Naypyidaw,Member,Male,Fashion accessories,4,407.316,9.4,Ewallet
379,182-69-8360,2019-01-30,Mandalay,Normal,Female,Electronic accessories,4,99.33,4.0,Credit card
380,289-15-7034,2019-01-11,Yangon,Member,Male,Sports and travel,4,345.786,7.5,Credit card
381,462-78-5240,2019-03-19,Naypyidaw,Normal,Female,Electronic accessories,2,55.881,4.2,Cash
382,868-52-7573,2019-01-14,Mandalay,Normal,Female,Food and beverages,5,523.3725,9.9,Cash
383,153-58-4872,2019-03-01,Naypyidaw,Member,Female,Food and beverages,4,314.538,4.2,Ewallet
384,662-72-2873,2019-01-06,Yangon,Normal,Female,Food and beverages,5,214.935,9.9,Ewallet
385,525-88-7307,2019-01-31,Mandalay,Member,Male,Sports and travel,1,79.611,5.8,Cash
386,689-16-9784,2019-03-11,Naypyidaw,Normal,Male,Food and beverages,6,294.651,6.0,Cash
387,725-56-0833,2019-02-20,Yangon,Normal,Female,Health and beauty,10,339.36,10.0,Credit card
388,394-41-0748,2019-01-27,Naypyidaw,Member,Female,Fashion accessories,9,510.9615,9.5,Ewallet
389,596-42-3999,2019-03-10,Mandalay,Normal,Male,Food and beverages,7,133.917,6.6,Credit card
390,541-89-9860,2019-02-15,Naypyidaw,Member,Female,Fashion accessories,3,253.512,8.1,Cash
391,173-82-9529,2019-01-26,Mandalay,Normal,Female,Fashion accessories,10,398.475,9.7,Cash
392,563-36-9814,2019-02-13,Yangon,Member,Male,Electronic accessories,1,80.661,7.2,Ewallet
393,308-47-4913,2019-03-09,Yangon,Member,Female,Sports and travel,10,548.73,6.2,Credit card
394,885-17-6250,2019-03-06,Yangon,Normal,Female,Health and beauty,1,83.727,7.3,Ewallet
395,726-27-2396,2019-01-24,Yangon,Normal,Female,Health and beauty,5,406.875,4.3,Ewallet
396,316-01-3952,2019-03-13,Yangon,Normal,Female,Food and beverages,5,284.9175,4.6,Ewallet
397,760-54-1821,2019-03-15,Mandalay,Normal,Male,Home and lifestyle,9,128.4255,5.8,Cash
398,793-10-3222,2019-03-05,Mandalay,Member,Female,Health and beauty,6,258.678,8.3,Credit card
399,346-12-3257,2019-03-04,Mandalay,Member,Male,Electronic accessories,9,181.818,8.0,Cash
400,110-05-6330,2019-03-25,Naypyidaw,Normal,Female,Food and beverages,6,248.409,9.4,Credit card
401,651-61-0874,2019-03-12,Naypyidaw,Normal,Male,Home and lifestyle,4,194.124,6.2,Credit card
402,236-86-3015,2019-02-04,Naypyidaw,Member,Male,Home and lifestyle,1,14.679,9.8,Ewallet
403,831-64-0259,2019-02-22,Mandalay,Normal,Female,Fashion accessories,5,208.6875,9.6,Ewallet
404,587-03-7455,2019-02-16,Naypyidaw,Member,Female,Fashion accessories,7,718.7565,4.9,Ewallet
405,882-40-4577,2019-01-19,Yangon,Member,Male,Sports and travel,4,282.492,8.0,Credit card
406,732-67-5346,2019-01-11,Yangon,Normal,Male,Food and beverages,5,72.3975,7.8,Credit card
407,725-32-9708,2019-01-04,Mandalay,Member,Female,Fashion accessories,4,288.582,4.1,Cash
408,256-08-8343,2019-03-04,Yangon,Normal,Female,Home and lifestyle,4,237.426,5.5,Ewallet
409,372-26-1506,2019-01-28,Naypyidaw,Normal,Female,Fashion accessories,5,125.055,5.4,Ewallet
410,244-08-0162,2019-01-02,Mandalay,Normal,Female,Health and beauty,10,359.205,5.1,Cash
411,569-71-4390,2019-01-25,Mandalay,Normal,Male,Sports and travel,2,45.927,6.9,Ewallet
412,132-23-6451,2019-01-04,Yangon,Member,Male,Health and beauty,5,110.0925,7.8,Cash
413,696-90-2548,2019-03-10,Yangon,Normal,Male,Sports and travel,3,81.396,6.6,Ewallet
414,472-15-9636,2019-03-22,Yangon,Normal,Male,Home and lifestyle,8,427.812,9.2,Ewallet
415,268-03-6164,2019-01-25,Mandalay,Normal,Male,Health and beauty,1,100.9155,7.8,Ewallet
416,750-57-9686,2019-01-08,Naypyidaw,Normal,Female,Home and lifestyle,4,190.596,8.7,Credit card
417,186-09-3669,2019-01-22,Naypyidaw,Member,Female,Health and beauty,1,85.5855,9.2,Ewallet
418,848-07-1692,2019-01-12,Mandalay,Normal,Female,Health and beauty,2,120.162,8.3,Ewallet
419,745-71-3520,2019-02-04,Yangon,Member,Female,Electronic accessories,7,185.367,8.2,Cash
420,266-76-6436,2019-03-28,Naypyidaw,Member,Female,Food and beverages,3,121.59,7.5,Ewallet
421,740-22-2500,2019-01-23,Naypyidaw,Normal,Female,Electronic accessories,3,264.7575,9.8,Cash
422,271-88-8734,2019-02-08,Naypyidaw,Member,Female,Fashion accessories,10,1020.705,8.7,Credit card
423,301-81-8610,2019-03-19,Mandalay,Member,Male,Fashion accessories,8,213.528,6.7,Credit card
424,489-64-4354,2019-03-09,Naypyidaw,Normal,Male,Fashion accessories,1,17.094,5.0,Cash
425,198-84-7132,2019-01-02,Mandalay,Member,Male,Fashion accessories,9,383.7645,7.0,Cash
426,269-10-8440,2019-01-21,Yangon,Member,Male,Health and beauty,7,390.7995,8.9,Cash
427,650-98-6268,2019-03-20,Mandalay,Member,Female,Food and beverages,3,65.7405,8.0,Credit card
428,741-73-3559,2019-02-27,Mandalay,Normal,Male,Sports and travel,5,353.1675,6.9,Cash
429,325-77-6186,2019-03-08,Yangon,Member,Female,Home and lifestyle,10,951.825,7.3,Ewallet
430,286-75-7818,2019-01-31,Mandalay,Normal,Male,Fashion accessories,2,145.068,6.9,Credit card
431,574-57-9721,2019-03-08,Naypyidaw,Normal,Male,Food and beverages,2,90.867,5.7,Ewallet
432,459-50-7686,2019-01-13,Yangon,Normal,Female,Electronic accessories,6,147.798,6.4,Ewallet
433,616-87-0016,2019-03-09,Mandalay,Normal,Male,Fashion accessories,7,702.219,9.6,Credit card
434,837-55-7229,2019-02-22,Mandalay,Normal,Female,Fashion accessories,1,49.812,6.8,Credit card
435,751-69-0068,2019-03-19,Naypyidaw,Normal,Male,Sports and travel,9,937.818,9.0,Ewallet
436,257-73-1380,2019-01-20,Naypyidaw,Member,Male,Sports and travel,4,348.306,9.6,Ewallet
437,345-08-4992,2019-03-08,Yangon,Normal,Male,Home and lifestyle,6,214.137,7.7,Credit card
438,549-96-4200,2019-03-08,Naypyidaw,Member,Male,Food and beverages,4,71.568,7.0,Ewallet
439,810-60-6344,2019-02-07,Naypyidaw,Normal,Female,Electronic accessories,8,343.224,6.5,Credit card
440,450-28-2866,2019-01-15,Naypyidaw,Member,Male,Food and beverages,5,91.56,8.1,Cash
441,394-30-3170,2019-03-22,Mandalay,Member,Female,Sports and travel,8,742.812,4.3,Credit card
442,138-17-5109,2019-01-15,Yangon,Member,Female,Home and lifestyle,9,843.0345,6.5,Credit card
443,192-98-7397,2019-01-08,Naypyidaw,Normal,Male,Fashion accessories,1,13.419,9.5,Ewallet
444,301-11-9629,2019-01-15,Yangon,Normal,Female,Sports and travel,7,140.385,9.7,Cash
445,390-80-5128,2019-01-28,Mandalay,Member,Female,Health and beauty,1,20.1075,9.5,Credit card
446,235-46-8343,2019-02-14,Naypyidaw,Member,Male,Food and beverages,10,290.43,8.9,Credit card
447,453-12-7053,2019-03-10,Naypyidaw,Normal,Male,Fashion accessories,3,144.081,6.5,Credit card
448,296-11-7041,2019-01-12,Mandalay,Member,Female,Health and beauty,1,28.4235,5.3,Credit card
449,449-27-2918,2019-03-26,Mandalay,Member,Female,Sports and travel,1,41.076,9.6,Credit card
450,891-01-7034,2019-01-01,Mandalay,Normal,Female,Electronic accessories,6,470.673,6.7,Cash
451,744-09-5786,2019-01-02,Mandalay,Normal,Male,Electronic accessories,6,138.663,7.6,Cash
452,727-17-0390,2019-03-16,Yangon,Normal,Female,Food and beverages,5,333.9525,4.8,Ewallet
453,568-88-3448,2019-03-03,Yangon,Normal,Male,Health and beauty,1,26.25,5.5,Ewallet
454,187-83-5490,2019-01-31,Yangon,Member,Male,Electronic accessories,4,87.234,4.7,Cash
455,767-54-1907,2019-02-13,Mandalay,Member,Female,Fashion accessories,5,155.19,6.9,Cash
456,710-46-4433,2019-02-15,Mandalay,Member,Female,Food and beverages,9,731.43,4.5,Credit card
457,533-33-5337,2019-02-07,Mandalay,Normal,Male,Electronic accessories,10,833.595,6.2,Cash
458,325-90-8763,2019-01-27,Naypyidaw,Member,Female,Electronic accessories,10,488.985,7.6,Cash
459,729-46-7422,2019-02-23,Naypyidaw,Normal,Male,Food and beverages,1,37.6845,7.9,Credit card
460,639-76-1242,2019-02-03,Naypyidaw,Normal,Male,Food and beverages,5,212.73,4.5,Cash
461,234-03-4040,2019-03-03,Mandalay,Member,Female,Food and beverages,10,767.025,8.7,Credit card
462,326-71-2155,2019-02-03,Naypyidaw,Normal,Female,Sports and travel,4,310.59,6.1,Cash
463,320-32-8842,2019-03-17,Naypyidaw,Member,Female,Food and beverages,1,23.751,6.4,Cash
464,470-32-9057,2019-03-28,Yangon,Member,Male,Food and beverages,5,269.535,9.1,Credit card
465,878-30-2331,2019-03-02,Naypyidaw,Member,Female,Sports and travel,10,572.775,7.1,Credit card
466,440-59-5691,2019-02-08,Naypyidaw,Member,Female,Health and beauty,7,273.0525,7.7,Credit card
467,554-53-3790,2019-03-22,Mandalay,Normal,Male,Sports and travel,6,233.226,4.5,Cash
468,746-19-0921,2019-02-09,Naypyidaw,Normal,Male,Food and beverages,1,22.659,7.2,Ewallet
469,233-34-0817,2019-02-15,Naypyidaw,Member,Female,Electronic accessories,1,103.782,8.4,Cash
470,767-05-1286,2019-01-23,Naypyidaw,Member,Female,Home and lifestyle,6,527.751,5.4,Ewallet
471,340-21-9136,2019-01-25,Yangon,Member,Female,Sports and travel,4,168.21,9.7,Cash
472,405-31-3305,2019-02-02,Yangon,Member,Male,Fashion accessories,10,452.865,5.5,Credit card
473,731-59-7531,2019-03-30,Mandalay,Member,Male,Health and beauty,8,609.588,4.6,Cash
474,676-39-6028,2019-03-30,Yangon,Member,Female,Electronic accessories,5,338.31,6.6,Cash
475,502-05-1910,2019-02-25,Yangon,Normal,Male,Health and beauty,3,205.317,6.3,Credit card
476,485-30-8700,2019-03-18,Yangon,Normal,Female,Sports and travel,5,174.615,4.2,Credit card
477,598-47-9715,2019-03-07,Naypyidaw,Normal,Male,Electronic accessories,4,353.094,4.4,Ewallet
478,701-69-8742,2019-03-16,Mandalay,Normal,Male,Sports and travel,10,360.885,6.7,Ewallet
479,575-67-1508,2019-01-29,Yangon,Normal,Male,Electronic accessories,1,40.53,6.7,Ewallet
480,541-08-3113,2019-02-02,Naypyidaw,Normal,Male,Food and beverages,8,554.148,8.4,Cash
481,246-11-3901,2019-02-15,Naypyidaw,Normal,Female,Electronic accessories,10,344.4,6.2,Cash
482,674-15-9296,2019-01-08,Yangon,Normal,Male,Sports and travel,5,194.985,5.0,Ewallet
483,305-18-3552,2019-02-12,Mandalay,Member,Male,Home and lifestyle,10,633.99,6.0,Cash
484,493-65-6248,2019-01-01,Naypyidaw,Member,Female,Sports and travel,10,388.29,7.0,Credit card
485,438-01-4015,2019-03-21,Mandalay,Member,Female,Sports and travel,4,207.858,6.6,Ewallet
486,709-58-4068,2019-02-28,Mandalay,Normal,Female,Fashion accessories,10,431.445,7.3,Cash
487,795-49-7276,2019-03-23,Yangon,Normal,Male,Fashion accessories,4,156.03,8.3,Ewallet
488,556-72-8512,2019-01-30,Naypyidaw,Normal,Male,Home and lifestyle,1,24.108,4.3,Cash
489,627-95-3243,2019-02-04,Mandalay,Member,Female,Home and lifestyle,9,734.076,9.8,Ewallet
490,686-41-0932,2019-03-13,Mandalay,Normal,Female,Fashion accessories,2,72.87,8.2,Ewallet
491,510-09-5628,2019-03-15,Yangon,Member,Female,Fashion accessories,10,206.43,7.2,Credit card
492,608-04-3797,2019-03-05,Mandalay,Member,Female,Health and beauty,8,212.688,8.7,Ewallet
493,148-82-2527,2019-03-05,Naypyidaw,Member,Female,Home and lifestyle,10,127.26,8.4,Credit card
494,437-53-3084,2019-02-26,Mandalay,Normal,Male,Fashion accessories,2,209.769,7.1,Ewallet
495,632-32-4574,2019-03-20,Mandalay,Normal,Male,Sports and travel,8,637.728,5.5,Cash
496,556-97-7101,2019-01-01,Naypyidaw,Normal,Female,Electronic accessories,2,132.762,8.5,Cash
497,862-59-8517,2019-01-27,Naypyidaw,Normal,Female,Food and beverages,6,568.512,6.2,Cash
498,401-18-8016,2019-01-21,Mandalay,Member,Female,Sports and travel,1,103.0365,8.9,Cash
499,420-18-8989,2019-02-02,Yangon,Member,Female,Sports and travel,8,432.768,9.6,Cash
500,277-63-2961,2019-02-03,Mandalay,Member,Male,Sports and travel,1,77.6685,5.4,Credit card
501,573-98-8548,2019-01-05,Naypyidaw,Member,Female,Fashion accessories,1,33.495,9.1,Ewallet
502,620-02-2046,2019-01-27,Naypyidaw,Normal,Male,Home and lifestyle,2,145.74,9.0,Ewallet
503,282-35-2475,2019-03-25,Mandalay,Normal,Female,Sports and travel,2,195.951,6.3,Cash
504,511-54-3087,2019-02-25,Mandalay,Normal,Male,Sports and travel,1,92.8725,9.5,Credit card
505,726-29-6793,2019-01-28,Yangon,Member,Male,Electronic accessories,8,203.112,9.8,Ewallet
506,387-49-4215,2019-01-08,Mandalay,Member,Female,Sports and travel,3,152.775,6.7,Cash
507,862-17-9201,2019-01-29,Mandalay,Normal,Female,Food and beverages,6,529.515,7.7,Credit card
508,291-21-5991,2019-03-29,Mandalay,Member,Male,Health and beauty,5,321.7725,7.0,Cash
509,602-80-9671,2019-02-09,Naypyidaw,Member,Female,Home and lifestyle,6,100.485,5.1,Credit card
510,347-72-6115,2019-01-16,Mandalay,Member,Female,Sports and travel,7,666.939,6.2,Credit card
511,209-61-0206,2019-01-05,Yangon,Normal,Female,Home and lifestyle,5,225.2775,6.1,Ewallet
512,595-27-4851,2019-01-27,Yangon,Normal,Female,Fashion accessories,7,398.958,9.3,Ewallet
513,189-52-0236,2019-03-14,Yangon,Normal,Male,Electronic accessories,7,731.6925,7.6,Cash
514,503-07-0930,2019-02-23,Naypyidaw,Member,Male,Sports and travel,7,429.1665,8.2,Credit card
515,413-20-6708,2019-03-18,Naypyidaw,Member,Female,Fashion accessories,1,54.0435,8.5,Ewallet
516,425-85-2085,2019-03-29,Mandalay,Member,Male,Health and beauty,5,288.015,9.8,Ewallet
517,521-18-7827,2019-01-22,Naypyidaw,Member,Male,Home and lifestyle,5,206.7975,8.7,Credit card
518,220-28-1851,2019-03-01,Yangon,Normal,Male,Home and lifestyle,2,72.933,9.7,Ewallet
519,600-38-9738,2019-01-17,Naypyidaw,Member,Male,Sports and travel,5,377.58,4.3,Credit card
520,734-91-1155,2019-03-26,Mandalay,Normal,Female,Electronic accessories,3,143.9865,7.7,Credit card
521,451-28-5717,2019-03-20,Naypyidaw,Member,Female,Home and lifestyle,6,523.971,7.3,Cash
522,609-81-8548,2019-02-06,Yangon,Member,Female,Home and lifestyle,6,235.872,5.9,Credit card
523,133-14-7229,2019-01-01,Naypyidaw,Normal,Male,Health and beauty,2,132.027,5.0,Cash
524,534-01-4457,2019-01-27,Yangon,Normal,Male,Food and beverages,6,514.773,8.0,Credit card
525,719-89-8991,2019-02-25,Yangon,Member,Female,Sports and travel,5,479.9025,7.1,Ewallet
526,286-62-6248,2019-01-16,Mandalay,Normal,Male,Fashion accessories,4,164.682,9.0,Credit card
527,339-38-9982,2019-01-13,Mandalay,Member,Male,Fashion accessories,2,125.706,6.7,Ewallet
528,827-44-5872,2019-02-07,Mandalay,Member,Female,Food and beverages,10,570.78,6.1,Credit card
529,827-77-7633,2019-02-17,Yangon,Normal,Male,Sports and travel,9,926.9505,9.3,Cash
530,287-83-1405,2019-02-12,Yangon,Normal,Male,Health and beauty,6,160.209,7.0,Ewallet
531,435-13-4908,2019-01-24,Yangon,Member,Male,Fashion accessories,8,728.112,7.2,Credit card
532,857-67-9057,2019-02-06,Mandalay,Normal,Male,Electronic accessories,10,240.975,8.2,Ewallet
533,236-27-1144,2019-03-26,Naypyidaw,Normal,Female,Food and beverages,9,154.1295,8.4,Ewallet
534,892-05-6689,2019-03-11,Yangon,Normal,Female,Home and lifestyle,5,148.68,6.2,Ewallet
535,583-41-4548,2019-02-07,Naypyidaw,Normal,Male,Home and lifestyle,7,122.5245,7.4,Ewallet
536,339-12-4827,2019-01-05,Mandalay,Member,Female,Fashion accessories,1,77.658,5.0,Credit card
537,643-38-7867,2019-03-07,Yangon,Normal,Male,Home and lifestyle,1,102.837,6.9,Ewallet
538,308-81-0538,2019-02-25,Yangon,Normal,Female,Fashion accessories,4,306.81,4.9,Credit card
539,358-88-9262,2019-02-01,Naypyidaw,Member,Female,Food and beverages,6,551.124,5.1,Ewallet
540,460-35-4390,2019-01-22,Yangon,Normal,Male,Home and lifestyle,3,96.642,9.1,Ewallet
541,343-87-0864,2019-01-03,Naypyidaw,Member,Male,Health and beauty,1,79.674,7.1,Credit card
542,173-50-1108,2019-02-13,Mandalay,Member,Female,Sports and travel,4,84.756,5.0,Credit card
543,243-47-2663,2019-01-28,Naypyidaw,Member,Male,Electronic accessories,6,118.251,5.5,Credit card
544,841-18-8232,2019-01-05,Mandalay,Normal,Female,Food and beverages,1,74.76,9.2,Credit card
545,701-23-5550,2019-03-19,Mandalay,Member,Male,Home and lifestyle,4,163.002,4.9,Ewallet
546,647-50-1224,2019-01-12,Yangon,Normal,Female,Fashion accessories,10,308.91,8.9,Ewallet
547,541-48-8554,2019-01-07,Yangon,Normal,Male,Sports and travel,9,575.9775,6.0,Credit card
548,539-21-7227,2019-01-26,Mandalay,Normal,Female,Sports and travel,5,270.585,4.2,Cash
549,213-32-1216,2019-01-23,Yangon,Normal,Female,Electronic accessories,6,416.178,7.3,Cash
550,747-58-7183,2019-02-09,Mandalay,Normal,Male,Fashion accessories,3,180.4005,6.5,Ewallet
551,582-52-8065,2019-02-22,Mandalay,Normal,Female,Fashion accessories,9,513.2295,8.9,Cash
552,210-57-1719,2019-02-05,Mandalay,Normal,Female,Health and beauty,9,550.368,9.7,Cash
553,399-69-4630,2019-03-07,Naypyidaw,Normal,Male,Electronic accessories,6,139.923,8.6,Credit card
554,134-75-2619,2019-03-25,Yangon,Member,Male,Electronic accessories,7,142.002,6.9,Cash
555,356-44-8813,2019-01-20,Mandalay,Normal,Male,Home and lifestyle,3,118.062,7.7,Credit card
556,198-66-9832,2019-02-04,Mandalay,Member,Female,Fashion accessories,2,151.284,9.5,Cash
557,283-26-5248,2019-01-30,Naypyidaw,Member,Female,Food and beverages,10,1034.46,4.5,Ewallet
558,712-39-0363,2019-01-02,Yangon,Member,Male,Food and beverages,6,262.458,5.6,Ewallet
559,218-59-9410,2019-03-29,Yangon,Member,Female,Home and lifestyle,3,228.123,8.2,Ewallet
560,174-75-0888,2019-03-14,Mandalay,Normal,Male,Electronic accessories,9,203.931,7.3,Cash
561,866-99-7614,2019-02-11,Naypyidaw,Normal,Male,Food and beverages,10,936.6,4.4,Credit card
562,134-54-4720,2019-01-30,Mandalay,Normal,Female,Electronic accessories,8,356.328,5.7,Ewallet
563,760-90-2357,2019-03-20,Yangon,Member,Male,Electronic accessories,6,469.413,5.0,Ewallet
564,514-37-2845,2019-03-20,Mandalay,Normal,Male,Fashion accessories,2,208.425,9.0,Cash
565,698-98-5964,2019-01-17,Yangon,Normal,Female,Food and beverages,10,852.705,6.3,Credit card
566,718-57-9773,2019-02-03,Naypyidaw,Normal,Female,Sports and travel,10,517.965,9.4,Credit card
567,651-88-7328,2019-01-01,Yangon,Normal,Female,Fashion accessories,9,621.243,7.7,Cash
568,241-11-2261,2019-01-10,Mandalay,Normal,Female,Fashion accessories,7,586.971,5.5,Credit card
569,408-26-9866,2019-03-02,Naypyidaw,Normal,Female,Sports and travel,7,543.753,4.1,Ewallet
570,834-83-1826,2019-02-25,Mandalay,Member,Female,Home and lifestyle,5,430.71,7.6,Credit card
571,343-61-3544,2019-01-29,Mandalay,Member,Male,Sports and travel,10,280.035,8.6,Cash
572,239-48-4278,2019-03-10,Yangon,Member,Male,Food and beverages,7,74.4555,8.3,Ewallet
573,355-34-6244,2019-01-13,Mandalay,Normal,Male,Food and beverages,2,152.019,8.1,Credit card
574,550-84-8664,2019-03-22,Yangon,Normal,Male,Sports and travel,5,451.0275,8.6,Credit card
575,339-96-8318,2019-03-01,Mandalay,Member,Male,Fashion accessories,7,597.6285,6.3,Ewallet
576,458-61-0011,2019-02-20,Mandalay,Normal,Male,Food and beverages,4,253.26,5.8,Cash
577,592-34-6155,2019-01-14,Naypyidaw,Normal,Male,Food and beverages,4,133.434,6.2,Ewallet
578,797-88-0493,2019-03-26,Yangon,Normal,Female,Health and beauty,4,269.934,7.7,Cash
579,207-73-1363,2019-03-01,Mandalay,Normal,Male,Health and beauty,2,145.971,8.1,Ewallet
580,390-31-6381,2019-01-07,Naypyidaw,Normal,Male,Food and beverages,3,85.743,7.3,Cash
581,443-82-0585,2019-02-01,Yangon,Member,Female,Health and beauty,4,326.256,8.4,Cash
582,339-18-7061,2019-02-13,Naypyidaw,Member,Female,Fashion accessories,2,195.258,8.0,Credit card
583,359-90-3665,2019-01-14,Mandalay,Member,Female,Fashion accessories,4,75.936,9.5,Credit card
584,375-72-3056,2019-01-19,Mandalay,Normal,Male,Sports and travel,3,198.639,7.0,Ewallet
585,127-47-6963,2019-03-09,Yangon,Normal,Male,Health and beauty,4,217.182,9.8,Credit card
586,278-86-2735,2019-03-27,Yangon,Normal,Female,Food and beverages,3,164.871,9.2,Cash
587,695-28-6250,2019-02-04,Yangon,Normal,Female,Sports and travel,5,226.065,7.7,Ewallet
588,379-17-6588,2019-03-14,Naypyidaw,Normal,Male,Fashion accessories,10,625.905,5.3,Cash
589,227-50-3718,2019-03-04,Yangon,Normal,Male,Health and beauty,5,76.755,4.4,Cash
590,302-15-2162,2019-03-03,Naypyidaw,Member,Male,Health and beauty,6,293.139,4.3,Credit card
591,788-07-8452,2019-01-27,Naypyidaw,Member,Female,Home and lifestyle,7,178.164,9.4,Ewallet
592,560-49-6611,2019-02-07,Yangon,Member,Female,Sports and travel,1,47.859,9.8,Cash
593,880-35-0356,2019-02-05,Yangon,Member,Female,Sports and travel,3,236.88,4.8,Ewallet
594,585-11-6748,2019-03-15,Mandalay,Member,Male,Sports and travel,3,304.92,5.3,Cash
595,470-31-3286,2019-03-01,Mandalay,Normal,Male,Health and beauty,3,46.683,8.7,Credit card
596,152-68-2907,2019-02-15,Yangon,Normal,Male,Food and beverages,3,164.43,9.5,Credit card
597,123-35-4896,2019-02-17,Naypyidaw,Normal,Female,Sports and travel,9,440.937,5.3,Ewallet
598,258-69-7810,2019-01-26,Naypyidaw,Normal,Female,Fashion accessories,5,193.4625,9.2,Cash
599,334-64-2006,2019-03-24,Yangon,Member,Female,Home and lifestyle,2,147.672,9.6,Ewallet
600,219-61-4139,2019-01-23,Naypyidaw,Normal,Male,Electronic accessories,1,87.234,6.4,Ewallet
601,881-41-7302,2019-01-26,Naypyidaw,Normal,Female,Fashion accessories,1,68.2395,4.5,Credit card
602,373-09-4567,2019-03-14,Naypyidaw,Normal,Male,Food and beverages,10,814.38,6.9,Ewallet
603,642-30-6693,2019-03-17,Mandalay,Normal,Female,Sports and travel,6,343.413,7.8,Ewallet
604,484-22-8230,2019-01-08,Naypyidaw,Member,Female,Fashion accessories,7,381.3915,4.5,Cash
605,830-58-2383,2019-02-08,Mandalay,Normal,Male,Home and lifestyle,4,133.35,8.6,Cash
606,559-98-9873,2019-02-10,Yangon,Member,Female,Fashion accessories,7,394.3275,5.2,Ewallet
607,544-32-5024,2019-03-28,Naypyidaw,Member,Female,Food and beverages,4,209.118,6.4,Credit card
608,318-12-0304,2019-01-23,Yangon,Normal,Male,Fashion accessories,1,32.1405,5.2,Ewallet
609,349-97-8902,2019-01-17,Mandalay,Member,Male,Food and beverages,2,121.569,8.9,Ewallet
610,421-95-9805,2019-02-07,Yangon,Normal,Female,Electronic accessories,1,30.408,6.2,Credit card
611,277-35-5865,2019-03-09,Naypyidaw,Member,Female,Food and beverages,9,935.2665,6.7,Cash
612,789-23-8625,2019-01-24,Mandalay,Member,Male,Fashion accessories,3,293.643,7.2,Cash
613,284-54-4231,2019-01-19,Naypyidaw,Member,Male,Sports and travel,1,84.9765,9.0,Credit card
614,443-59-0061,2019-02-03,Yangon,Member,Male,Food and beverages,10,708.225,4.2,Ewallet
615,509-29-3912,2019-03-20,Yangon,Member,Female,Sports and travel,9,365.904,4.2,Ewallet
616,327-40-9673,2019-01-13,Mandalay,Member,Male,Sports and travel,6,457.38,6.9,Cash
617,840-19-2096,2019-03-14,Naypyidaw,Member,Male,Electronic accessories,5,461.5275,4.4,Ewallet
618,828-46-6863,2019-01-23,Yangon,Member,Male,Food and beverages,6,620.739,4.0,Credit card
619,641-96-3695,2019-02-07,Naypyidaw,Member,Female,Fashion accessories,6,273.798,8.5,Ewallet
620,420-97-3340,2019-03-28,Yangon,Normal,Female,Food and beverages,3,225.792,9.2,Credit card
621,436-54-4512,2019-03-20,Yangon,Member,Female,Food and beverages,1,96.1905,9.8,Cash
622,670-79-6321,2019-01-17,Mandalay,Member,Female,Home and lifestyle,7,695.2365,4.9,Credit card
623,852-62-7105,2019-01-12,Mandalay,Normal,Female,Fashion accessories,10,874.125,4.4,Credit card
624,598-06-7312,2019-02-16,Mandalay,Member,Male,Fashion accessories,1,95.9175,6.8,Cash
625,135-13-8269,2019-01-26,Mandalay,Member,Female,Food and beverages,2,165.648,9.1,Cash
626,816-57-2053,2019-03-09,Yangon,Normal,Male,Sports and travel,2,127.827,8.7,Ewallet
627,628-90-8624,2019-03-14,Mandalay,Member,Male,Health and beauty,10,867.09,5.0,Cash
628,856-66-2701,2019-01-25,Yangon,Member,Male,Home and lifestyle,3,167.895,7.5,Ewallet
629,308-39-1707,2019-01-26,Yangon,Normal,Female,Fashion accessories,1,12.6945,8.2,Credit card
630,149-61-1929,2019-01-19,Yangon,Normal,Male,Sports and travel,10,673.995,6.7,Credit card
631,655-07-2265,2019-03-05,Yangon,Normal,Male,Electronic accessories,3,246.6765,5.4,Ewallet
632,589-02-8023,2019-01-15,Yangon,Member,Male,Food and beverages,2,175.917,7.0,Credit card
633,420-04-7590,2019-03-18,Mandalay,Normal,Male,Home and lifestyle,3,314.055,4.7,Ewallet
634,182-88-2763,2019-03-20,Mandalay,Member,Male,Food and beverages,3,251.7165,5.0,Credit card
635,188-55-0967,2019-01-15,Mandalay,Member,Male,Health and beauty,10,697.935,5.0,Credit card
636,610-46-4100,2019-03-03,Yangon,Normal,Male,Health and beauty,7,212.7825,6.0,Credit card
637,318-81-2368,2019-03-19,Naypyidaw,Normal,Female,Electronic accessories,1,48.51,6.3,Cash
638,364-33-8584,2019-03-08,Mandalay,Member,Female,Food and beverages,5,92.5575,8.5,Cash
639,665-63-9737,2019-02-27,Mandalay,Normal,Male,Fashion accessories,3,165.123,7.5,Ewallet
640,695-09-5146,2019-02-23,Mandalay,Member,Female,Food and beverages,3,311.1885,6.4,Ewallet
641,155-45-3814,2019-03-19,Naypyidaw,Member,Female,Electronic accessories,8,743.82,4.7,Ewallet
642,794-32-2436,2019-03-27,Mandalay,Member,Male,Electronic accessories,2,116.907,6.0,Ewallet
643,131-15-8856,2019-03-30,Naypyidaw,Member,Female,Food and beverages,8,609.168,4.0,Credit card
644,273-84-2164,2019-02-16,Naypyidaw,Member,Male,Electronic accessories,5,63.2625,5.5,Ewallet
645,706-36-6154,2019-01-18,Yangon,Member,Male,Home and lifestyle,9,182.952,8.7,Ewallet
646,778-89-7974,2019-03-30,Naypyidaw,Normal,Male,Health and beauty,6,442.323,7.4,Cash
647,574-31-8277,2019-03-20,Mandalay,Member,Male,Fashion accessories,1,35.3115,5.6,Cash
648,859-71-0933,2019-01-16,Naypyidaw,Member,Female,Sports and travel,2,32.529,6.3,Cash
649,740-11-5257,2019-02-24,Naypyidaw,Normal,Male,Electronic accessories,10,259.77,7.1,Cash
650,369-82-2676,2019-01-15,Mandalay,Normal,Male,Electronic accessories,5,397.215,7.8,Ewallet
651,563-47-4072,2019-01-22,Mandalay,Normal,Female,Health and beauty,6,351.603,9.9,Cash
652,742-04-5161,2019-02-03,Yangon,Member,Male,Home and lifestyle,10,764.19,7.3,Cash
653,149-15-7606,2019-03-06,Mandalay,Member,Male,Sports and travel,9,352.674,5.1,Ewallet
654,133-77-3154,2019-02-16,Mandalay,Member,Male,Fashion accessories,4,252.756,9.4,Credit card
655,169-52-4504,2019-03-14,Yangon,Normal,Female,Electronic accessories,3,49.4235,5.8,Credit card
656,250-81-7186,2019-02-27,Naypyidaw,Normal,Female,Electronic accessories,1,104.6745,8.0,Credit card
657,562-12-5430,2019-01-18,Yangon,Member,Female,Fashion accessories,3,277.6725,7.9,Ewallet
658,816-72-8853,2019-01-29,Yangon,Member,Female,Sports and travel,5,146.6325,5.9,Cash
659,491-38-3499,2019-02-26,Yangon,Member,Male,Fashion accessories,1,58.2225,4.9,Credit card
660,322-02-2271,2019-02-03,Mandalay,Normal,Female,Sports and travel,3,135.3555,9.3,Cash
661,842-29-4695,2019-01-16,Naypyidaw,Member,Male,Sports and travel,7,125.979,7.9,Credit card
662,725-67-2480,2019-03-24,Mandalay,Member,Female,Fashion accessories,6,370.125,5.9,Credit card
663,641-51-2661,2019-02-12,Naypyidaw,Member,Female,Food and beverages,10,914.55,9.9,Credit card
664,714-02-3114,2019-02-21,Naypyidaw,Normal,Female,Sports and travel,2,207.48,7.7,Cash
665,518-17-2983,2019-02-04,Yangon,Normal,Female,Fashion accessories,4,204.246,7.6,Ewallet
666,779-42-2410,2019-02-20,Mandalay,Member,Male,Food and beverages,3,181.881,7.7,Ewallet
667,190-14-3147,2019-02-23,Mandalay,Normal,Female,Health and beauty,4,75.474,6.4,Ewallet
668,408-66-6712,2019-02-16,Naypyidaw,Member,Female,Health and beauty,6,300.573,4.4,Ewallet
669,679-22-6530,2019-01-17,Mandalay,Normal,Female,Sports and travel,2,85.302,4.1,Credit card
670,588-47-8641,2019-01-14,Yangon,Member,Male,Fashion accessories,10,588.42,4.4,Ewallet
671,642-61-4706,2019-03-30,Mandalay,Member,Male,Food and beverages,2,196.14,5.5,Cash
672,576-31-4774,2019-03-02,Mandalay,Normal,Female,Health and beauty,3,231.2415,4.0,Ewallet
673,556-41-6224,2019-02-15,Naypyidaw,Normal,Male,Health and beauty,8,282.576,9.3,Credit card
674,811-03-8790,2019-03-01,Yangon,Normal,Female,Electronic accessories,10,477.54,4.8,Credit card
675,242-11-3142,2019-02-24,Mandalay,Member,Male,Fashion accessories,2,175.917,4.6,Cash
676,752-23-3760,2019-02-19,Mandalay,Member,Female,Sports and travel,7,470.988,7.3,Credit card
677,274-05-5470,2019-02-23,Yangon,Member,Female,Food and beverages,4,308.574,6.0,Cash
678,648-94-3045,2019-02-07,Naypyidaw,Normal,Male,Health and beauty,10,618.975,8.1,Ewallet
679,130-67-4723,2019-01-11,Yangon,Member,Male,Food and beverages,6,305.55,9.4,Ewallet
680,528-87-5606,2019-02-12,Mandalay,Member,Female,Electronic accessories,1,41.454,6.5,Cash
681,320-85-2052,2019-01-14,Mandalay,Normal,Female,Sports and travel,1,36.5505,7.0,Credit card
682,370-96-0655,2019-01-09,Naypyidaw,Normal,Female,Fashion accessories,6,310.716,7.1,Ewallet
683,105-10-6182,2019-02-27,Yangon,Member,Male,Fashion accessories,2,45.108,6.6,Ewallet
684,510-79-0415,2019-01-24,Mandalay,Member,Female,Sports and travel,6,145.404,4.9,Ewallet
685,241-96-5076,2019-01-08,Mandalay,Member,Female,Home and lifestyle,2,103.11,6.4,Credit card
686,767-97-4650,2019-01-08,Mandalay,Member,Female,Sports and travel,2,136.143,8.0,Credit card
687,648-83-1321,2019-01-16,Yangon,Member,Male,Home and lifestyle,10,667.38,4.3,Cash
688,173-57-2300,2019-03-13,Naypyidaw,Member,Male,Sports and travel,2,153.048,6.1,Cash
689,305-03-2383,2019-02-15,Yangon,Normal,Female,Food and beverages,3,211.365,7.5,Cash
690,394-55-6384,2019-01-25,Naypyidaw,Member,Female,Sports and travel,9,663.2955,6.7,Cash
691,266-20-6657,2019-03-12,Naypyidaw,Member,Male,Food and beverages,7,404.544,5.2,Ewallet
692,689-05-1884,2019-03-04,Yangon,Member,Male,Health and beauty,10,510.615,8.8,Cash
693,196-01-2849,2019-02-10,Naypyidaw,Member,Female,Fashion accessories,7,539.343,9.5,Cash
694,372-62-5264,2019-01-16,Naypyidaw,Normal,Female,Food and beverages,9,497.07,7.6,Cash
695,800-09-8606,2019-01-29,Yangon,Member,Female,Home and lifestyle,5,458.6925,6.6,Cash
696,182-52-7000,2019-01-01,Yangon,Member,Female,Sports and travel,4,113.568,6.9,Ewallet
697,826-58-8051,2019-01-06,Mandalay,Normal,Male,Home and lifestyle,4,261.198,4.3,Ewallet
698,868-06-0466,2019-02-19,Yangon,Member,Male,Electronic accessories,9,657.531,7.8,Credit card
699,751-41-9720,2019-01-12,Naypyidaw,Normal,Male,Home and lifestyle,10,1023.75,8.0,Ewallet
700,626-43-7888,2019-02-07,Naypyidaw,Normal,Female,Fashion accessories,8,507.444,9.6,Ewallet
701,176-64-7711,2019-03-27,Mandalay,Normal,Male,Food and beverages,3,101.808,4.3,Credit card
702,191-29-0321,2019-02-27,Mandalay,Member,Female,Fashion accessories,10,207.585,5.0,Credit card
703,729-06-2010,2019-01-06,Mandalay,Member,Male,Health and beauty,9,760.4415,9.2,Cash
704,640-48-5028,2019-03-02,Mandalay,Member,Female,Home and lifestyle,9,835.2855,6.3,Cash
705,186-79-9562,2019-03-29,Mandalay,Normal,Male,Health and beauty,7,527.5095,8.9,Cash
706,834-45-5519,2019-01-31,Mandalay,Normal,Female,Electronic accessories,4,180.6,7.6,Ewallet
707,162-65-8559,2019-01-21,Naypyidaw,Member,Male,Food and beverages,1,72.429,4.8,Cash
708,760-27-5490,2019-01-20,Naypyidaw,Normal,Male,Fashion accessories,8,131.208,9.1,Ewallet
709,445-30-9252,2019-01-17,Yangon,Normal,Male,Sports and travel,3,80.955,6.1,Ewallet
710,786-94-2700,2019-02-28,Yangon,Member,Male,Food and beverages,6,507.906,9.1,Cash
711,728-88-7867,2019-03-19,Naypyidaw,Member,Female,Home and lifestyle,4,317.226,8.3,Ewallet
712,183-21-3799,2019-02-19,Naypyidaw,Normal,Female,Electronic accessories,9,733.6035,7.2,Ewallet
713,268-20-3585,2019-02-04,Naypyidaw,Normal,Female,Health and beauty,9,130.8825,6.0,Ewallet
714,735-32-9839,2019-01-31,Naypyidaw,Member,Male,Fashion accessories,8,829.08,8.5,Ewallet
715,258-92-7466,2019-02-06,Yangon,Normal,Female,Health and beauty,5,187.32,6.6,Credit card
716,857-16-3520,2019-03-28,Yangon,Member,Female,Fashion accessories,7,525.231,4.5,Ewallet
717,482-17-1179,2019-01-19,Yangon,Member,Male,Electronic accessories,3,37.611,8.1,Credit card
718,788-21-5741,2019-02-17,Yangon,Normal,Male,Fashion accessories,3,142.947,7.2,Credit card
719,821-14-9046,2019-01-18,Mandalay,Member,Female,Fashion accessories,6,110.124,6.1,Credit card
720,418-05-0656,2019-02-02,Mandalay,Normal,Female,Fashion accessories,7,187.866,7.1,Cash
721,678-79-0726,2019-01-18,Naypyidaw,Member,Female,Sports and travel,9,856.4535,5.1,Cash
722,776-68-1096,2019-03-18,Mandalay,Normal,Male,Home and lifestyle,3,138.978,7.9,Credit card
723,592-46-1692,2019-01-11,Naypyidaw,Member,Female,Food and beverages,7,270.2595,7.4,Cash
724,434-35-9162,2019-02-04,Mandalay,Member,Male,Food and beverages,4,98.028,7.4,Ewallet
725,149-14-0304,2019-02-06,Naypyidaw,Member,Female,Health and beauty,8,239.4,6.6,Cash
726,442-44-6497,2019-01-08,Naypyidaw,Member,Male,Home and lifestyle,3,175.0455,5.9,Credit card
727,174-64-0215,2019-03-05,Mandalay,Normal,Male,Sports and travel,10,732.27,8.9,Credit card
728,210-74-9613,2019-03-16,Naypyidaw,Normal,Male,Fashion accessories,4,408.492,6.8,Ewallet
729,299-29-0180,2019-03-09,Mandalay,Member,Female,Home and lifestyle,7,383.523,9.3,Cash
730,247-11-2470,2019-03-01,Yangon,Member,Female,Fashion accessories,4,93.744,4.4,Credit card
731,635-28-5728,2019-02-28,Yangon,Normal,Male,Health and beauty,3,176.4,4.8,Ewallet
732,756-49-0168,2019-02-08,Yangon,Member,Male,Fashion accessories,1,20.685,9.5,Ewallet
733,438-23-1242,2019-01-24,Mandalay,Normal,Male,Electronic accessories,7,557.718,8.9,Ewallet
734,238-45-6950,2019-03-01,Mandalay,Member,Male,Food and beverages,1,56.406,6.4,Ewallet
735,607-65-2441,2019-03-10,Naypyidaw,Member,Male,Health and beauty,10,860.475,6.0,Credit card
736,386-27-7606,2019-03-23,Naypyidaw,Member,Female,Home and lifestyle,7,596.82,8.1,Credit card
737,137-63-5492,2019-01-29,Naypyidaw,Normal,Male,Electronic accessories,10,616.98,9.0,Ewallet
738,197-77-7132,2019-01-12,Mandalay,Member,Male,Electronic accessories,8,769.104,6.0,Ewallet
739,805-86-0265,2019-03-20,Yangon,Normal,Male,Home and lifestyle,9,887.922,9.8,Cash
740,733-29-1227,2019-03-23,Naypyidaw,Normal,Male,Home and lifestyle,7,408.7335,8.5,Cash
741,451-73-2711,2019-01-14,Naypyidaw,Normal,Male,Food and beverages,1,89.0715,8.8,Ewallet
742,373-14-0504,2019-02-12,Yangon,Member,Female,Sports and travel,2,150.423,8.8,Ewallet
743,546-80-2899,2019-02-20,Yangon,Member,Male,Home and lifestyle,2,79.149,9.5,Ewallet
744,345-68-9016,2019-01-02,Naypyidaw,Member,Female,Sports and travel,8,266.028,5.6,Credit card
745,390-17-5806,2019-02-02,Naypyidaw,Member,Female,Food and beverages,1,40.341,8.6,Cash
746,457-13-1708,2019-01-08,Mandalay,Member,Male,Fashion accessories,10,684.915,5.2,Credit card
747,664-14-2882,2019-01-30,Naypyidaw,Member,Female,Home and lifestyle,5,55.2825,5.8,Credit card
748,487-79-6868,2019-03-26,Mandalay,Member,Female,Home and lifestyle,9,116.1405,8.0,Credit card
749,314-23-4520,2019-01-15,Naypyidaw,Member,Male,Health and beauty,7,597.0405,9.0,Cash
750,210-30-7976,2019-03-14,Mandalay,Member,Female,Fashion accessories,4,93.744,4.1,Ewallet
751,585-86-8361,2019-02-03,Yangon,Normal,Female,Food and beverages,5,143.22,8.6,Credit card
752,807-14-7833,2019-02-22,Yangon,Member,Female,Electronic accessories,10,182.91,7.0,Ewallet
753,775-72-1988,2019-01-24,Mandalay,Normal,Male,Home and lifestyle,5,384.72,8.4,Ewallet
754,288-38-3758,2019-01-25,Naypyidaw,Member,Female,Fashion accessories,3,267.3405,7.4,Ewallet
755,652-43-6591,2019-03-09,Yangon,Normal,Female,Fashion accessories,8,817.236,6.2,Credit card
756,785-96-0615,2019-02-17,Mandalay,Member,Female,Electronic accessories,8,300.216,4.9,Ewallet
757,406-46-7107,2019-01-11,Yangon,Normal,Female,Home and lifestyle,6,608.076,4.5,Cash
758,250-17-5703,2019-02-27,Yangon,Member,Male,Food and beverages,10,197.925,5.6,Ewallet
759,156-95-3964,2019-03-25,Yangon,Normal,Female,Food and beverages,4,232.638,8.0,Ewallet
760,842-40-8179,2019-02-11,Mandalay,Member,Female,Food and beverages,10,810.6,5.6,Credit card
761,525-09-8450,2019-01-31,Mandalay,Normal,Male,Electronic accessories,10,757.365,4.2,Credit card
762,410-67-1709,2019-01-20,Yangon,Member,Female,Fashion accessories,8,536.592,9.9,Ewallet
763,587-73-4862,2019-03-26,Yangon,Member,Female,Health and beauty,5,56.1225,7.6,Ewallet
764,787-87-2010,2019-01-20,Yangon,Member,Male,Health and beauty,4,233.1,6.6,Credit card
765,593-14-4239,2019-03-05,Mandalay,Normal,Female,Home and lifestyle,8,801.864,4.7,Ewallet
766,801-88-0346,2019-01-05,Naypyidaw,Normal,Female,Fashion accessories,3,239.589,9.8,Credit card
767,388-76-2555,2019-02-13,Mandalay,Normal,Male,Sports and travel,6,86.247,6.3,Cash
768,711-31-1234,2019-03-16,Mandalay,Normal,Female,Electronic accessories,4,401.688,7.9,Cash
769,886-54-6089,2019-01-15,Yangon,Normal,Female,Home and lifestyle,6,72.009,7.7,Cash
770,707-32-7409,2019-02-26,Mandalay,Member,Female,Sports and travel,4,401.268,4.5,Ewallet
771,759-98-4285,2019-02-27,Naypyidaw,Member,Female,Health and beauty,7,631.1445,8.0,Credit card
772,201-63-8275,2019-02-17,Naypyidaw,Member,Female,Sports and travel,7,499.7265,5.7,Ewallet
773,471-06-8611,2019-02-06,Naypyidaw,Normal,Female,Food and beverages,1,55.041,6.3,Credit card
774,200-16-5952,2019-01-17,Naypyidaw,Member,Male,Food and beverages,2,137.865,6.0,Cash
775,120-54-2248,2019-01-22,Mandalay,Normal,Female,Food and beverages,5,151.515,8.0,Credit card
776,102-77-2261,2019-03-05,Naypyidaw,Member,Male,Health and beauty,7,480.0285,4.2,Credit card
777,875-31-8302,2019-01-03,Mandalay,Normal,Male,Sports and travel,1,98.049,9.6,Cash
778,102-06-2002,2019-03-20,Naypyidaw,Member,Male,Sports and travel,5,132.5625,6.1,Cash
779,457-94-0464,2019-01-31,Mandalay,Member,Male,Electronic accessories,9,830.3715,5.6,Ewallet
780,629-42-4133,2019-02-19,Naypyidaw,Normal,Male,Health and beauty,8,183.12,8.3,Cash
781,534-53-3526,2019-02-11,Yangon,Normal,Female,Sports and travel,4,397.992,7.8,Ewallet
782,307-04-2070,2019-02-05,Yangon,Member,Female,Fashion accessories,1,32.151,4.1,Credit card
783,468-99-7231,2019-03-03,Naypyidaw,Normal,Female,Home and lifestyle,8,369.684,8.8,Cash
784,516-77-6464,2019-02-24,Naypyidaw,Member,Female,Health and beauty,5,53.34,4.1,Ewallet
785,404-91-5964,2019-02-04,Yangon,Normal,Male,Electronic accessories,7,548.163,9.0,Credit card
786,886-77-9084,2019-02-19,Naypyidaw,Normal,Male,Electronic accessories,8,603.876,5.5,Ewallet
787,790-38-4466,2019-01-23,Naypyidaw,Normal,Female,Health and beauty,5,57.6975,9.3,Credit card
788,704-10-4056,2019-01-14,Naypyidaw,Member,Male,Health and beauty,3,190.4805,5.6,Credit card
789,497-37-6538,2019-01-17,Yangon,Normal,Male,Sports and travel,7,432.9885,9.7,Ewallet
790,651-96-5970,2019-03-03,Yangon,Normal,Male,Fashion accessories,1,48.7305,4.0,Credit card
791,400-80-4065,2019-02-15,Naypyidaw,Member,Male,Health and beauty,4,287.91,9.2,Credit card
792,744-16-7898,2019-01-15,Mandalay,Normal,Female,Home and lifestyle,10,1022.385,4.9,Credit card
793,263-12-5321,2019-02-27,Yangon,Member,Male,Electronic accessories,7,680.61,9.3,Credit card
794,702-72-0487,2019-02-26,Yangon,Normal,Female,Electronic accessories,2,97.881,6.6,Credit card
795,605-83-1050,2019-03-15,Mandalay,Normal,Male,Fashion accessories,2,57.078,4.3,Ewallet
796,443-60-9639,2019-01-24,Naypyidaw,Member,Female,Home and lifestyle,1,63.9135,5.5,Cash
797,864-24-7918,2019-02-22,Yangon,Member,Female,Sports and travel,10,257.145,8.1,Cash
798,359-94-5395,2019-03-15,Mandalay,Normal,Male,Health and beauty,1,97.419,9.8,Credit card
799,401-09-4232,2019-02-11,Naypyidaw,Member,Male,Home and lifestyle,5,455.1225,9.4,Ewallet
800,751-15-6198,2019-01-12,Mandalay,Normal,Male,Sports and travel,6,144.963,7.9,Ewallet
801,324-41-6833,2019-03-03,Naypyidaw,Member,Female,Electronic accessories,8,253.68,5.1,Ewallet
802,474-33-8305,2019-03-23,Naypyidaw,Member,Male,Fashion accessories,7,495.3165,6.9,Ewallet
803,759-29-9521,2019-03-04,Yangon,Member,Female,Fashion accessories,9,462.672,8.0,Cash
804,831-81-6575,2019-02-23,Mandalay,Member,Female,Electronic accessories,9,714.3255,8.0,Cash
805,220-68-6701,2019-03-17,Yangon,Normal,Female,Home and lifestyle,4,325.374,4.2,Cash
806,618-34-8551,2019-01-16,Yangon,Normal,Female,Sports and travel,2,195.678,8.5,Credit card
807,257-60-7754,2019-01-08,Yangon,Normal,Female,Electronic accessories,4,210.966,9.0,Cash
808,559-61-5987,2019-01-14,Mandalay,Normal,Female,Health and beauty,1,18.6375,8.6,Cash
809,189-55-2313,2019-01-31,Naypyidaw,Normal,Female,Fashion accessories,10,652.89,6.0,Ewallet
810,565-91-4567,2019-03-15,Mandalay,Normal,Male,Health and beauty,8,90.3,6.2,Ewallet
811,380-60-5336,2019-02-24,Yangon,Normal,Female,Electronic accessories,10,422.73,5.0,Credit card
812,815-04-6282,2019-02-08,Naypyidaw,Member,Female,Sports and travel,5,341.0925,6.5,Credit card
813,674-56-6360,2019-03-22,Yangon,Normal,Male,Electronic accessories,1,99.9075,6.0,Cash
814,778-34-2523,2019-01-24,Yangon,Member,Female,Electronic accessories,8,408.408,5.0,Cash
815,499-27-7781,2019-03-14,Mandalay,Normal,Female,Food and beverages,8,446.964,5.0,Ewallet
816,477-59-2456,2019-01-23,Naypyidaw,Normal,Female,Fashion accessories,7,333.984,9.2,Cash
817,832-51-6761,2019-01-19,Yangon,Normal,Male,Food and beverages,8,284.592,9.6,Ewallet
818,869-11-3082,2019-01-27,Mandalay,Member,Male,Health and beauty,4,403.872,8.4,Credit card
819,190-59-3964,2019-02-03,Mandalay,Member,Male,Food and beverages,5,247.59,6.0,Credit card
820,366-43-6862,2019-03-25,Mandalay,Normal,Male,Electronic accessories,4,222.138,6.7,Ewallet
821,186-43-8965,2019-02-24,Yangon,Member,Female,Home and lifestyle,2,100.128,4.1,Credit card
822,784-21-9238,2019-02-07,Naypyidaw,Member,Male,Sports and travel,1,10.6785,5.9,Cash
823,276-75-6884,2019-03-04,Yangon,Normal,Female,Health and beauty,3,216.4365,8.7,Cash
824,109-86-4363,2019-02-14,Mandalay,Member,Female,Sports and travel,7,441.588,4.5,Credit card
825,569-76-2760,2019-01-29,Yangon,Member,Female,Sports and travel,4,92.442,6.6,Credit card
826,222-42-0244,2019-01-28,Mandalay,Member,Female,Health and beauty,9,681.4395,7.7,Credit card
827,760-53-9233,2019-03-26,Yangon,Member,Male,Fashion accessories,3,130.032,8.5,Credit card
828,538-22-0304,2019-03-24,Naypyidaw,Normal,Male,Electronic accessories,10,681.975,5.2,Cash
829,416-17-9926,2019-01-01,Yangon,Member,Female,Electronic accessories,10,779.31,4.3,Credit card
830,237-44-6163,2019-01-24,Yangon,Normal,Male,Electronic accessories,8,88.704,7.6,Cash
831,636-17-0325,2019-02-25,Mandalay,Normal,Male,Health and beauty,4,262.794,9.5,Cash
832,343-75-9322,2019-01-09,Mandalay,Member,Female,Sports and travel,8,99.54,4.1,Cash
833,528-14-9470,2019-02-14,Yangon,Member,Male,Health and beauty,1,95.865,9.2,Ewallet
834,427-45-9297,2019-03-12,Mandalay,Member,Female,Home and lifestyle,7,299.3655,5.4,Ewallet
835,807-34-3742,2019-03-26,Yangon,Normal,Male,Fashion accessories,1,54.999,5.8,Cash
836,288-62-1085,2019-01-09,Yangon,Member,Male,Fashion accessories,5,202.335,5.6,Ewallet
837,670-71-7306,2019-01-02,Mandalay,Normal,Male,Sports and travel,6,281.169,5.1,Credit card
838,660-29-7083,2019-01-15,Naypyidaw,Normal,Male,Electronic accessories,10,586.635,5.8,Cash
839,271-77-8740,2019-01-01,Naypyidaw,Member,Female,Sports and travel,6,184.086,5.0,Ewallet
840,497-36-0989,2019-02-15,Yangon,Normal,Male,Fashion accessories,3,163.611,7.9,Cash
841,291-59-1384,2019-02-28,Mandalay,Normal,Male,Electronic accessories,1,63.315,6.0,Cash
842,860-73-6466,2019-03-02,Yangon,Member,Female,Sports and travel,2,82.887,5.0,Credit card
843,549-23-9016,2019-02-13,Naypyidaw,Member,Female,Food and beverages,2,31.227,8.9,Credit card
844,896-34-0956,2019-01-26,Yangon,Normal,Male,Fashion accessories,1,22.386,5.9,Cash
845,804-38-3935,2019-01-30,Yangon,Member,Male,Electronic accessories,3,295.407,5.9,Credit card
846,585-90-0249,2019-01-27,Yangon,Member,Male,Electronic accessories,1,76.923,9.7,Ewallet
847,862-29-5914,2019-01-30,Naypyidaw,Normal,Female,Sports and travel,1,23.499,8.6,Credit card
848,845-94-6841,2019-01-08,Naypyidaw,Member,Female,Food and beverages,9,688.716,4.0,Cash
849,125-45-2293,2019-01-19,Yangon,Normal,Female,Fashion accessories,6,624.33,4.2,Cash
850,843-73-4724,2019-01-25,Yangon,Normal,Male,Fashion accessories,1,77.805,9.2,Cash
851,409-33-9708,2019-02-19,Yangon,Normal,Female,Fashion accessories,2,206.808,9.2,Ewallet
852,658-66-3967,2019-01-14,Naypyidaw,Normal,Male,Health and beauty,7,390.9465,5.0,Ewallet
853,866-70-2814,2019-02-25,Mandalay,Normal,Female,Electronic accessories,10,554.295,10.0,Ewallet
854,160-22-2687,2019-01-23,Yangon,Member,Female,Health and beauty,5,503.7375,8.8,Ewallet
855,895-03-6665,2019-02-16,Mandalay,Normal,Female,Fashion accessories,9,345.0195,4.2,Cash
856,770-42-8960,2019-01-01,Mandalay,Normal,Male,Food and beverages,8,177.408,6.3,Cash
857,748-45-2862,2019-03-07,Yangon,Member,Female,Home and lifestyle,4,118.902,8.2,Cash
858,234-36-2483,2019-02-15,Mandalay,Normal,Male,Health and beauty,6,362.817,5.1,Cash
859,316-66-3011,2019-01-23,Yangon,Member,Female,Food and beverages,9,450.1035,5.0,Cash
860,848-95-6252,2019-02-20,Naypyidaw,Member,Female,Home and lifestyle,1,90.5835,7.0,Ewallet
861,840-76-5966,2019-01-08,Yangon,Member,Male,Sports and travel,2,26.796,7.8,Ewallet
862,152-03-4217,2019-03-17,Mandalay,Normal,Female,Home and lifestyle,9,106.596,4.3,Credit card
863,533-66-5566,2019-01-12,Mandalay,Normal,Female,Home and lifestyle,7,375.3645,7.0,Cash
864,124-31-1458,2019-01-08,Yangon,Member,Female,Electronic accessories,3,250.7085,6.6,Cash
865,176-78-1170,2019-01-26,Naypyidaw,Member,Male,Health and beauty,3,106.5015,7.3,Ewallet
866,361-59-0574,2019-03-15,Mandalay,Member,Male,Sports and travel,8,760.452,6.5,Credit card
867,101-81-4070,2019-01-17,Naypyidaw,Member,Female,Health and beauty,2,131.922,4.9,Ewallet
868,631-34-1880,2019-01-08,Naypyidaw,Member,Male,Food and beverages,3,76.5765,4.3,Credit card
869,852-82-2749,2019-01-06,Yangon,Normal,Male,Sports and travel,4,271.278,9.3,Ewallet
870,873-14-6353,2019-02-16,Yangon,Member,Male,Food and beverages,7,182.427,7.1,Credit card
871,584-66-4073,2019-03-13,Naypyidaw,Normal,Male,Fashion accessories,1,59.325,9.6,Ewallet
872,544-55-9589,2019-01-28,Mandalay,Member,Female,Electronic accessories,10,225.015,6.2,Cash
873,166-19-2553,2019-01-18,Yangon,Member,Male,Sports and travel,6,561.078,9.9,Cash
874,737-88-5876,2019-03-19,Yangon,Member,Male,Home and lifestyle,4,97.818,5.9,Credit card
875,154-87-7367,2019-03-15,Naypyidaw,Normal,Male,Home and lifestyle,8,548.184,6.3,Ewallet
876,885-56-0389,2019-02-12,Naypyidaw,Member,Male,Fashion accessories,1,54.9675,4.0,Cash
877,608-05-3804,2019-02-25,Mandalay,Member,Male,Electronic accessories,1,41.7375,6.1,Cash
878,448-61-3783,2019-03-21,Yangon,Normal,Female,Electronic accessories,8,756.168,4.5,Credit card
879,761-49-0439,2019-01-19,Mandalay,Member,Female,Electronic accessories,8,101.64,8.6,Ewallet
880,490-95-0021,2019-01-08,Mandalay,Member,Female,Food and beverages,10,348.705,6.0,Ewallet
881,115-38-7388,2019-03-30,Naypyidaw,Member,Female,Fashion accessories,8,85.512,9.5,Credit card
882,311-13-6971,2019-02-20,Mandalay,Member,Male,Sports and travel,10,335.895,9.9,Credit card
883,291-55-6563,2019-03-30,Yangon,Member,Female,Home and lifestyle,6,216.846,7.5,Ewallet
884,548-48-3156,2019-03-19,Yangon,Member,Female,Food and beverages,2,175.014,7.6,Cash
885,460-93-5834,2019-01-13,Yangon,Normal,Male,Sports and travel,7,335.013,5.0,Cash
886,325-89-4209,2019-02-05,Yangon,Member,Male,Food and beverages,1,92.295,6.7,Ewallet
887,884-80-6021,2019-03-23,Yangon,Member,Female,Electronic accessories,10,771.435,9.5,Ewallet
888,137-74-8729,2019-03-13,Naypyidaw,Normal,Female,Fashion accessories,8,102.396,6.8,Ewallet
889,880-46-5796,2019-03-17,Yangon,Member,Male,Sports and travel,10,807.66,5.6,Ewallet
890,389-70-2397,2019-02-21,Naypyidaw,Normal,Female,Health and beauty,5,439.215,7.2,Cash
891,114-35-5271,2019-02-07,Mandalay,Normal,Female,Electronic accessories,8,486.444,8.1,Cash
892,607-76-6216,2019-03-02,Naypyidaw,Member,Female,Fashion accessories,5,485.5725,8.6,Credit card
893,715-20-1673,2019-03-06,Mandalay,Normal,Male,Electronic accessories,5,148.995,9.4,Cash
894,811-35-1094,2019-02-06,Mandalay,Member,Male,Electronic accessories,6,317.835,8.9,Credit card
895,699-88-1972,2019-01-28,Mandalay,Normal,Male,Health and beauty,8,832.944,4.2,Credit card
896,781-84-8059,2019-01-18,Naypyidaw,Normal,Male,Fashion accessories,7,446.439,5.0,Ewallet
897,409-49-6995,2019-02-05,Naypyidaw,Member,Female,Food and beverages,6,297.801,8.8,Cash
898,725-54-0677,2019-03-02,Naypyidaw,Member,Male,Health and beauty,7,629.16,5.3,Cash
899,146-09-5432,2019-02-09,Yangon,Member,Male,Food and beverages,9,331.128,4.6,Ewallet
900,377-79-7592,2019-01-14,Naypyidaw,Member,Female,Electronic accessories,9,423.738,7.5,Credit card
901,509-10-0516,2019-02-09,Mandalay,Normal,Male,Home and lifestyle,4,193.074,5.1,Ewallet
902,595-94-9924,2019-03-26,Yangon,Member,Female,Health and beauty,5,145.5825,4.2,Credit card
903,865-41-9075,2019-01-28,Yangon,Normal,Male,Food and beverages,7,84.7455,8.1,Cash
904,545-07-8534,2019-02-14,Naypyidaw,Normal,Female,Health and beauty,2,122.472,6.0,Ewallet
905,118-62-1812,2019-03-24,Naypyidaw,Member,Female,Home and lifestyle,4,329.196,7.9,Cash
906,450-42-3339,2019-02-09,Naypyidaw,Normal,Male,Health and beauty,10,888.405,8.8,Credit card
907,851-98-3555,2019-03-24,Mandalay,Normal,Female,Health and beauty,5,435.12,6.6,Credit card
908,186-71-5196,2019-03-27,Yangon,Member,Female,Food and beverages,2,167.034,6.2,Ewallet
909,624-01-8356,2019-01-27,Mandalay,Normal,Female,Home and lifestyle,10,514.605,4.2,Credit card
910,313-66-9943,2019-03-27,Mandalay,Member,Female,Food and beverages,3,91.8225,7.3,Credit card
911,151-27-8496,2019-01-19,Naypyidaw,Normal,Female,Electronic accessories,4,235.746,8.6,Ewallet
912,453-33-6436,2019-02-07,Yangon,Normal,Female,Home and lifestyle,8,782.208,6.8,Cash
913,522-57-8364,2019-01-31,Yangon,Member,Male,Fashion accessories,8,431.256,7.6,Ewallet
914,459-45-2396,2019-02-25,Yangon,Member,Female,Food and beverages,3,313.74,5.8,Cash
915,717-96-4189,2019-02-02,Naypyidaw,Normal,Female,Electronic accessories,6,223.587,4.1,Cash
916,722-13-2115,2019-03-14,Naypyidaw,Member,Male,Sports and travel,1,44.9925,9.3,Credit card
917,749-81-8133,2019-03-11,Yangon,Normal,Female,Fashion accessories,4,397.614,6.8,Cash
918,777-67-2495,2019-02-22,Mandalay,Normal,Male,Home and lifestyle,3,217.2555,8.7,Ewallet
919,636-98-3364,2019-03-02,Mandalay,Member,Female,Electronic accessories,3,82.719,6.3,Ewallet
920,246-55-6923,2019-03-10,Naypyidaw,Member,Female,Home and lifestyle,9,338.2155,5.1,Credit card
921,181-82-6255,2019-02-08,Mandalay,Normal,Female,Home and lifestyle,6,103.131,7.0,Cash
922,838-02-1821,2019-02-22,Naypyidaw,Member,Female,Home and lifestyle,2,26.733,5.2,Credit card
923,887-42-0517,2019-01-10,Naypyidaw,Normal,Female,Sports and travel,7,611.079,6.6,Credit card
924,457-12-0244,2019-03-14,Naypyidaw,Member,Female,Sports and travel,6,221.886,6.5,Ewallet
925,226-34-0034,2019-01-10,Mandalay,Normal,Female,Electronic accessories,4,57.876,9.0,Ewallet
926,321-49-7382,2019-02-15,Mandalay,Member,Male,Sports and travel,1,92.7255,5.2,Credit card
927,397-25-8725,2019-01-13,Yangon,Member,Female,Health and beauty,9,374.409,6.8,Credit card
928,431-66-2305,2019-02-15,Mandalay,Normal,Female,Electronic accessories,9,833.9625,7.6,Credit card
929,825-94-5922,2019-03-02,Mandalay,Normal,Male,Sports and travel,2,53.151,7.2,Ewallet
930,641-62-7288,2019-03-24,Mandalay,Normal,Male,Home and lifestyle,6,629.496,7.1,Ewallet
931,756-93-1854,2019-02-02,Naypyidaw,Member,Female,Fashion accessories,2,175.035,9.5,Credit card
932,243-55-8457,2019-02-27,Yangon,Normal,Female,Food and beverages,10,781.62,5.1,Ewallet
933,458-10-8612,2019-01-20,Naypyidaw,Normal,Male,Health and beauty,7,470.988,7.6,Ewallet
934,501-61-1753,2019-01-03,Mandalay,Normal,Female,Home and lifestyle,6,397.845,9.8,Ewallet
935,235-06-8510,2019-01-24,Naypyidaw,Member,Male,Home and lifestyle,3,270.018,5.1,Ewallet
936,433-08-7822,2019-01-05,Naypyidaw,Normal,Female,Health and beauty,7,579.8415,7.5,Ewallet
937,361-85-2571,2019-03-30,Yangon,Normal,Female,Sports and travel,5,469.77,7.4,Cash
938,131-70-8179,2019-02-17,Yangon,Member,Female,Health and beauty,3,290.0835,4.2,Cash
939,500-02-2261,2019-03-21,Naypyidaw,Normal,Female,Food and beverages,6,360.927,5.9,Ewallet
940,720-72-2436,2019-03-02,Yangon,Normal,Male,Food and beverages,4,279.384,6.9,Ewallet
941,702-83-5291,2019-03-27,Naypyidaw,Member,Male,Fashion accessories,9,943.299,6.6,Cash
942,809-69-9497,2019-01-19,Yangon,Normal,Female,Home and lifestyle,10,479.64,5.7,Ewallet
943,449-16-6770,2019-02-19,Yangon,Normal,Male,Health and beauty,5,266.6475,5.3,Credit card
944,333-23-2632,2019-03-28,Yangon,Member,Male,Health and beauty,7,74.088,4.2,Cash
945,489-82-1237,2019-01-05,Yangon,Normal,Female,Electronic accessories,7,690.018,7.3,Credit card
946,859-97-6048,2019-03-26,Naypyidaw,Member,Male,Electronic accessories,2,176.925,5.3,Credit card
947,676-10-2200,2019-02-03,Mandalay,Member,Male,Fashion accessories,1,56.469,4.7,Ewallet
948,373-88-1424,2019-02-06,Naypyidaw,Member,Male,Home and lifestyle,5,188.0025,7.9,Ewallet
949,365-16-4334,2019-02-24,Mandalay,Normal,Female,Food and beverages,8,222.012,8.9,Ewallet
950,503-21-4385,2019-02-21,Mandalay,Member,Male,Health and beauty,3,125.7165,9.3,Ewallet
951,305-89-2768,2019-01-09,Mandalay,Member,Female,Home and lifestyle,3,68.985,4.7,Ewallet
952,574-80-1489,2019-02-25,Mandalay,Member,Female,Food and beverages,4,263.97,8.7,Ewallet
953,784-08-0310,2019-01-13,Naypyidaw,Member,Female,Food and beverages,4,88.368,7.6,Cash
954,200-40-6154,2019-02-09,Mandalay,Member,Male,Home and lifestyle,6,415.233,5.7,Cash
955,846-10-0341,2019-01-06,Yangon,Normal,Female,Fashion accessories,7,312.8895,6.8,Cash
956,577-34-7579,2019-01-10,Naypyidaw,Member,Male,Food and beverages,9,477.1305,5.4,Cash
957,430-02-3888,2019-02-07,Mandalay,Normal,Male,Electronic accessories,6,289.926,7.1,Cash
958,867-47-1948,2019-01-09,Naypyidaw,Normal,Female,Home and lifestyle,10,165.9,7.8,Cash
959,384-59-6655,2019-02-19,Yangon,Member,Female,Food and beverages,9,932.337,8.4,Cash
960,256-58-3609,2019-03-18,Naypyidaw,Member,Male,Fashion accessories,1,96.579,9.8,Cash
961,324-92-3863,2019-02-05,Yangon,Member,Male,Electronic accessories,2,43.869,9.8,Cash
962,593-08-5916,2019-03-19,Yangon,Normal,Female,Fashion accessories,1,16.275,7.4,Credit card
963,364-34-2972,2019-03-30,Naypyidaw,Member,Male,Electronic accessories,3,304.983,6.7,Cash
964,794-42-3736,2019-01-26,Mandalay,Normal,Male,Food and beverages,2,69.993,6.4,Credit card
965,172-42-8274,2019-03-02,Mandalay,Normal,Female,Electronic accessories,2,80.367,5.8,Credit card
966,558-60-5016,2019-03-04,Yangon,Normal,Female,Home and lifestyle,9,314.685,7.2,Ewallet
967,195-06-0432,2019-01-13,Yangon,Member,Male,Home and lifestyle,3,255.1815,9.3,Credit card
968,605-03-2706,2019-03-25,Yangon,Normal,Female,Health and beauty,3,49.77,9.5,Cash
969,214-30-2776,2019-03-11,Mandalay,Member,Female,Electronic accessories,5,181.0725,9.0,Credit card
970,746-04-1077,2019-01-01,Mandalay,Member,Female,Food and beverages,10,888.615,9.0,Credit card
971,448-34-8700,2019-02-10,Mandalay,Member,Male,Home and lifestyle,7,271.2885,6.7,Ewallet
972,452-04-8808,2019-01-26,Mandalay,Normal,Male,Electronic accessories,7,640.038,5.5,Cash
973,531-56-4728,2019-02-11,Yangon,Normal,Male,Home and lifestyle,3,252.252,5.4,Cash
974,744-82-9138,2019-02-07,Naypyidaw,Normal,Male,Fashion accessories,2,180.873,8.2,Cash
975,883-69-1285,2019-03-06,Mandalay,Member,Male,Fashion accessories,2,104.832,7.0,Credit card
976,221-25-5073,2019-03-04,Yangon,Normal,Female,Food and beverages,4,313.572,8.5,Cash
977,518-71-6847,2019-02-26,Mandalay,Member,Male,Food and beverages,6,167.58,4.9,Ewallet
978,156-20-0370,2019-03-10,Mandalay,Normal,Female,Electronic accessories,1,26.7225,5.1,Credit card
979,151-33-7434,2019-02-04,Mandalay,Normal,Female,Food and beverages,1,71.1585,6.5,Credit card
980,728-47-9078,2019-01-19,Naypyidaw,Member,Male,Food and beverages,4,250.278,9.8,Cash
981,809-46-1866,2019-01-23,Yangon,Normal,Male,Health and beauty,4,244.23,8.4,Cash
982,139-32-4183,2019-03-14,Yangon,Member,Female,Sports and travel,9,921.186,7.4,Ewallet
983,148-41-7930,2019-01-23,Naypyidaw,Normal,Male,Health and beauty,7,734.706,6.1,Cash
984,189-40-5216,2019-01-09,Naypyidaw,Normal,Male,Electronic accessories,7,708.3195,6.0,Cash
985,374-38-5555,2019-02-07,Mandalay,Normal,Female,Fashion accessories,5,334.4775,8.5,Ewallet
986,764-44-8999,2019-02-18,Mandalay,Normal,Female,Health and beauty,2,30.996,4.3,Ewallet
987,552-44-5977,2019-01-03,Mandalay,Member,Male,Health and beauty,8,520.8,6.2,Credit card
988,267-62-7380,2019-03-29,Naypyidaw,Member,Male,Electronic accessories,10,864.57,4.3,Ewallet
989,430-53-4718,2019-01-28,Mandalay,Member,Male,Health and beauty,8,633.108,8.4,Credit card
990,886-18-2897,2019-03-22,Yangon,Normal,Female,Food and beverages,5,296.94,4.5,Credit card
991,602-16-6955,2019-01-24,Mandalay,Normal,Female,Sports and travel,10,804.3,6.0,Ewallet
992,745-74-0715,2019-03-10,Yangon,Normal,Male,Electronic accessories,2,121.863,8.8,Ewallet
993,690-01-6631,2019-02-22,Mandalay,Normal,Male,Fashion accessories,10,183.645,6.6,Ewallet
994,652-49-6720,2019-02-18,Naypyidaw,Member,Female,Electronic accessories,1,63.9975,5.9,Ewallet
995,233-67-5758,2019-01-29,Naypyidaw,Normal,Male,Health and beauty,1,42.3675,6.2,Ewallet
996,303-96-2227,2019-03-02,Mandalay,Normal,Female,Home and lifestyle,10,1022.49,4.4,Ewallet
997,727-02-1313,2019-02-09,Yangon,Member,Male,Food and beverages,1,33.432,7.7,Cash
998,347-56-2442,2019-02-22,Yangon,Normal,Male,Home and lifestyle,1,69.111,4.1,Cash
999,849-09-3807,2019-02-18,Yangon,Member,Female,Fashion accessories,7,649.299,6.6,Cash
